customer_id,customer_name,email,city,region_id,signup_date
1,Jesse Flowers,mitchellclark@example.com,New Cynthiaside,4,2025-12-20
2,Carla Gray,gabriellecameron@example.org,Port Antonio,2,2023-07-23
3,Derek Clark,jason76@example.net,Thomasberg,4,2024-03-27
4,Justin Baker,zhurst@example.com,East William,1,2023-11-25
5,Anthony Rodriguez,laurahenderson@example.org,Jamesmouth,2,2023-08-15
6,Tricia Valencia,frazierdanny@example.net,Kaylamouth,1,2024-10-26
7,Jeffrey Chavez,teresa28@example.org,Meaganhaven,2,2025-08-15
8,Brittany Farmer,georgetracy@example.org,Natashaport,1,2023-11-18
9,David Bradley,millertodd@example.org,East Donna,5,2023-10-14
10,Carmen Rose,ibrandt@example.net,Lake Larry,2,2024-09-09
11,Marie Kim Dds,wrightcaleb@example.org,New Jeffrey,2,2024-09-26
12,Mark Perez,heathchad@example.org,Elizabethborough,1,2024-12-08
13,Miranda Khan,esanchez@example.com,North Collin,1,2024-07-08
14,Jeff Owens,nuneztracey@example.org,South Jessicaville,2,2023-09-06
15,Connor West,dwhite@example.org,South Lindseyside,1,2023-08-21
16,Matthew Fernandez,novaksara@example.org,South Todd,5,2024-01-03
17,James Brown,ysmith@example.com,Mitchellside,1,2023-10-09
18,Katelyn Lee,tanyariley@example.net,Lake Leeton,4,2025-01-13
19,Kathryn Farrell,brianromero@example.org,New Carlosbury,2,2024-01-26
20,Todd Hudson,harveyrobert@example.net,Sarahborough,1,2024-09-19
21,Emily Baker,emilyevans@example.com,North Stephenshire,5,2025-10-26
22,Angel Lewis Md,nicole35@example.com,South Martha,1,2023-12-01
23,Lisa Archer,contrerasangela@example.net,East Josephville,2,2025-09-20
24,Brittney Campbell,jenniferharris@example.net,Williamview,4,2024-06-16
25,Sarah Davis,ccalderon@example.org,Kellieview,5,2024-08-20
26,Jeremy Thornton,rodriguezsierra@example.net,New Barry,4,2025-10-14
27,Juan Jordan,parkerrachel@example.org,Jasonbury,4,2024-09-07
28,Heather Castro,vdickson@example.org,Port Francisco,3,2024-10-15
29,Cassandra Gutierrez,jillcook@example.com,West Erik,4,2023-09-11
30,Janet Williams,dwalker@example.com,Loribury,3,2025-03-23
31,Matthew Ross,michelle45@example.net,Frazierside,3,2025-03-22
32,Alexander Wiley,gregory40@example.org,Reedmouth,2,2023-10-28
33,William Wilson,jonathanfletcher@example.org,West Ryan,2,2023-11-02
34,Tammie Hanson,cortezkevin@example.com,Nguyenport,3,2023-07-22
35,Cheryl Ortega,lbyrd@example.net,Richardtown,3,2024-01-20
36,Daniel Floyd,steven73@example.net,Leonburgh,4,2024-02-22
37,Diane Beck,clarence34@example.org,East Andrew,2,2024-01-22
38,John Atkinson,gibsonolivia@example.net,Lake Heather,4,2024-05-13
39,David Douglas Jr.,osbornejeffery@example.net,Williamsbury,5,2024-01-28
40,Barbara Anderson,jcontreras@example.net,Stephaniemouth,2,2023-07-22
41,Michelle Wagner,vmerritt@example.com,Greenbury,3,2025-12-14
42,Destiny Strickland,rsims@example.com,Lake Justinview,3,2024-03-20
43,Steven Miller,jessebenson@example.net,North Robert,4,2024-07-16
44,John Brown,xprice@example.net,Port Nicoleshire,2,2023-09-11
45,Aaron Bell,acastaneda@example.net,South Jeffrey,4,2024-07-20
46,Allen Rogers,dramsey@example.org,South Brittanytown,2,2024-07-05
47,Jeffrey Camacho,brentgray@example.org,Murphyfurt,4,2024-10-18
48,Trevor Fisher,ruizkaitlyn@example.org,Jeffreyland,2,2023-11-17
49,Marissa Webster,jamessmith@example.org,East Thomas,2,2024-06-12
50,Travis Marshall,katie29@example.net,Port Loriport,2,2024-02-25
51,Alexander Collins,tsanders@example.org,New Hannahbury,1,2023-08-26
52,Raymond Jefferson,hoganashlee@example.org,Amandastad,4,2025-11-19
53,Matthew Smith,gshort@example.com,Cynthiamouth,5,2024-02-01
54,Jessica Gross,christina87@example.com,Petersenshire,2,2024-10-15
55,Samuel Rivas,ramirezshannon@example.com,Rogersfort,1,2024-05-11
56,Catherine Lewis,matthew94@example.net,New Stacyland,3,2023-08-21
57,Jason Peters,hannahbrewer@example.com,Mcguireland,1,2024-06-28
58,Jared Sanchez,thomas85@example.com,Michaelmouth,4,2025-10-19
59,David Martinez,leslienewton@example.net,East Javier,5,2023-09-02
60,Dr. William Warren,tina34@example.org,Harrytown,5,2026-01-05
61,Beth Williams,tranheidi@example.org,Garciatown,4,2023-08-01
62,Julie Alexander,tammyking@example.com,Port Cameronfort,4,2024-06-22
63,Mark Brown,lisaavery@example.org,North Angela,4,2025-12-18
64,Kyle Montgomery,chayes@example.com,Torreston,4,2025-04-13
65,Natalie Meza,colleenbaker@example.org,East Glenn,2,2025-04-15
66,Aaron Hayes,ocarter@example.com,Jacquelinemouth,2,2023-11-07
67,David Baker,ronaldstephens@example.net,West Margaret,1,2025-07-04
68,Christopher Parker,scott74@example.net,Benderhaven,2,2024-05-27
69,Jessica George,mnavarro@example.com,North Jeremyshire,4,2024-07-21
70,Alicia Hubbard,barbara27@example.net,Moonburgh,2,2025-06-16
71,Jessica Olsen Dvm,vbailey@example.com,Port Eugenechester,3,2025-08-01
72,Donna Landry,gibsonleonard@example.com,Port Richardhaven,4,2024-01-29
73,April Booth,mgutierrez@example.net,Cindyfort,2,2024-05-02
74,Olivia Harris,sarakim@example.net,Martinezbury,2,2024-11-12
75,Emily Smith,hdavis@example.com,Lake Marilynfort,2,2024-01-15
76,Dorothy Thornton,edavenport@example.org,Arnoldfurt,2,2023-11-27
77,Kyle Francis,michellehill@example.com,Sarahhaven,4,2024-07-13
78,Aaron Barber,cgrimes@example.net,Reedside,4,2025-01-17
79,Jamie Cantu,tinaallen@example.com,Port Kimberly,4,2024-12-23
80,Patrick Thornton,qhughes@example.net,South Tammie,2,2023-11-16
81,Vincent Rivera,sawyerscott@example.net,Smithberg,1,2024-04-29
82,Matthew Moore,qharrington@example.com,Santosmouth,2,2024-06-08
83,Shannon James,courtney78@example.org,East Crystalport,5,2025-02-27
84,Nicole Hamilton Md,wallaceheather@example.org,West Lauraport,2,2024-06-30
85,Jeffrey Sanchez,yknight@example.org,East Christian,5,2023-07-25
86,Lisa Allen,jesselittle@example.com,Elizabethmouth,2,2025-08-22
87,Megan Moore,llandry@example.com,Vaughnmouth,1,2024-11-02
88,Christina Cruz,yrodriguez@example.net,Baileyport,1,2023-10-04
89,Ronald Foster,knightgina@example.net,New Julieport,5,2023-12-23
90,Crystal Pham,danaoliver@example.net,Lake Colton,2,2024-11-04
91,Amanda Kramer,rileyjessica@example.org,Markchester,5,2024-12-15
92,Carlos Ryan,alyssa42@example.com,Coffeyport,1,2025-11-19
93,Gina Wilson,taylortammy@example.net,Coffeyside,1,2024-02-28
94,Richard Smith,gibsonemily@example.net,Brendastad,1,2024-01-19
95,David Johnson,rose31@example.net,Blankenshipport,2,2024-09-17
96,Audrey Williams,torrestravis@example.org,New Derek,2,2023-11-11
97,Michael Paul,umatthews@example.org,Penafort,2,2024-02-05
98,Teresa Ramirez,jeff73@example.com,Lake Michaelstad,1,2024-04-11
99,Donald Donaldson,ndavis@example.net,North Kristinbury,2,2023-12-13
100,Rachel Harris Dvm,brendali@example.org,Kimtown,2,2024-08-08
101,William Huerta,lauren10@example.org,West Kristybury,1,2023-09-14
102,Alexis Baker,judyfox@example.net,South Shanestad,2,2025-10-05
103,Ashley Gordon,acostaregina@example.net,Stephentown,5,2024-07-21
104,John Morales,henryrenee@example.org,West Charleneland,4,2023-08-16
105,Marcus Richards,oscar98@example.com,Wagnerchester,1,2024-06-26
106,Michael Farrell,russellbeasley@example.com,Mariafurt,4,2024-03-11
107,Brandon Simmons,nicholas27@example.org,Port Christopherchester,5,2024-05-01
108,Parker Cain,willisanna@example.com,South Michaelchester,4,2024-02-16
109,Michelle Schmitt,michael98@example.org,Lake Timothy,4,2024-02-27
110,Hayley Hawkins,farmeraudrey@example.com,New Sarahview,1,2024-07-11
111,Donald Farmer,michael22@example.net,Jonestown,1,2023-07-21
112,Joseph Bennett,xpeterson@example.com,Kimberlyshire,1,2023-07-08
113,Sophia Moore,craigjoseph@example.net,Tuckermouth,3,2024-10-30
114,Daniel Hunt,russell49@example.com,Brandonfurt,5,2024-12-29
115,Mrs. Christine Dougherty,kathrynroberts@example.org,South Julieburgh,4,2024-07-24
116,Joseph Hall,charles06@example.org,Morsemouth,2,2025-01-06
117,Laura Mckinney,zroberts@example.org,Georgemouth,1,2023-11-19
118,Tamara Davis,sanchezbrianna@example.net,South Monicamouth,2,2023-11-25
119,Richard Jones,schmidtjames@example.com,Jessicaberg,4,2023-10-29
120,Charles Gonzalez,kathleenrios@example.org,Marshallshire,1,2025-01-06
121,Joann Glass,michelle52@example.com,South Scottport,1,2023-12-06
122,Leslie Bell,collinsshannon@example.org,Marieland,2,2024-05-15
123,Vanessa Davis,jford@example.net,South Reginashire,2,2025-04-06
124,Erica Alvarez,susanhayes@example.com,New Debbieton,5,2025-03-17
125,Jeffrey Gonzales,michaelhardin@example.com,Schroederton,4,2023-08-19
126,Maria Jones,grantpaul@example.com,West Christopher,2,2024-07-28
127,Sydney Collins,tanderson@example.org,Angelicamouth,4,2024-03-18
128,Meagan Calderon,lucasrodney@example.com,West Kyleborough,4,2024-09-10
129,Ralph Lee,ericphillips@example.org,Lake Matthewberg,3,2025-07-24
130,Brittany White,jenniferwilliams@example.com,South Cheryl,3,2026-01-27
131,Rachel Young,kylestokes@example.com,West Erika,3,2024-09-07
132,Jessica Hammond,ashaw@example.org,Port Cassandra,4,2023-08-21
133,Amy Castillo,angela18@example.org,Christopherburgh,2,2024-06-23
134,Taylor Hernandez,odavis@example.com,Sarahchester,2,2025-08-06
135,Jonathan Young,brooksanthony@example.org,Laceyberg,4,2024-06-04
136,Thomas Kennedy,katherineharrison@example.net,North Andrewborough,2,2025-02-21
137,Kimberly Acosta,srodriguez@example.org,Davidbury,4,2025-04-20
138,Riley Bryant,copelandvincent@example.net,Lake Zacharybury,1,2023-08-06
139,Doris Smith,john62@example.net,New Theresaland,2,2024-08-24
140,Kimberly Hartman,myerstheodore@example.net,Zavalaview,3,2023-10-30
141,Heather Jones,jessicafuller@example.net,Dennisstad,3,2024-01-23
142,Robin Thompson,epollard@example.net,Port Dennis,3,2024-04-16
143,Terri Johnson,bradleygonzalez@example.org,Sarahhaven,4,2024-03-04
144,Robert Kennedy,mullinsjames@example.com,Port Dianaview,4,2023-10-12
145,Jacob Preston,ykline@example.com,South Heather,4,2024-03-12
146,Robert Adams,acostachristian@example.net,New Kelly,5,2024-05-28
147,Garrett Phillips,bmorrison@example.org,Bellton,2,2024-08-08
148,Susan Mendez,yhill@example.org,Lake Danastad,2,2025-03-24
149,Nicole Moore,thomascathy@example.com,East Carlosstad,1,2024-01-27
150,Travis Johnson,erikarush@example.com,Hinesshire,3,2024-06-24
151,Jacob Edwards,john10@example.net,South April,5,2024-02-02
152,Autumn Hampton,nlewis@example.com,Gonzalezberg,2,2023-09-11
153,Jodi Roach,zosborn@example.net,Elizabethland,1,2024-01-10
154,Donna Evans,jenniferho@example.net,Port Michael,4,2024-05-02
155,William Conner,kristyjohnson@example.net,Tannerside,1,2024-05-25
156,Stephen Jones,ukey@example.com,Hammondshire,1,2024-02-16
157,William Day,howens@example.com,Port Kimberly,1,2025-05-28
158,Catherine Burch,dshaw@example.org,West Fred,5,2024-08-04
159,Michael Reed,meghan43@example.net,Davidport,5,2024-06-14
160,Anna Davidson,georgeweber@example.net,Meganshire,4,2023-11-15
161,Scott Miller,debra96@example.net,South Pamelaside,4,2024-06-10
162,Tyler Webb,eevans@example.net,East Scottfort,1,2023-08-04
163,Gerald Thomas,jessica56@example.org,Zacharyville,4,2023-09-14
164,John Adams,donaldwilliams@example.com,Wrightburgh,4,2025-04-24
165,Taylor Griffith,kathrynjimenez@example.net,Jimenezport,4,2023-07-17
166,Brandon Long Md,jasongomez@example.org,Troyfort,2,2024-02-01
167,Adam Rodriguez,nicoleluna@example.com,Brandonton,4,2023-08-29
168,Chloe Tran,hughesshannon@example.net,Marciaville,3,2023-10-13
169,Brent Brooks,angela52@example.org,Porterton,1,2025-04-18
170,Micheal Brock,ghernandez@example.org,Sarahmouth,2,2024-06-13
171,William Stevenson,brittney88@example.net,Ericksonport,2,2024-01-24
172,Alan Rivera,whitneybrandy@example.net,New Thomasshire,3,2024-02-01
173,Mikayla Silva,alexandriagriffith@example.com,Port Erin,3,2024-05-01
174,Travis Rodriguez,alexanderrobert@example.com,South Warren,3,2024-12-15
175,Kaitlyn Charles,thorntonapril@example.net,Whitneyfort,3,2024-07-25
176,Emily Thompson,amy49@example.com,East Joshua,2,2024-02-17
177,Todd Hendrix,janet75@example.com,Annview,3,2025-07-18
178,Kenneth Daniels,xcardenas@example.org,Bobbyland,2,2023-11-21
179,Jeremy Scott,ilewis@example.com,Derrickshire,5,2024-01-15
180,Anthony Stein,danawilliams@example.com,Jenniferville,2,2023-07-05
181,Brenda Oconnell,richarddonovan@example.com,Santosport,2,2024-02-08
182,Matthew Velez,pearsonjesse@example.net,East Robertburgh,1,2025-05-03
183,Amanda Huff,vlopez@example.com,North Kennethville,1,2025-03-04
184,Frances Gibson,ismall@example.net,Nelsonville,1,2025-04-21
185,Nicholas Wong,alexisrogers@example.com,East Cheryl,4,2023-07-11
186,Jennifer Patterson,christopher12@example.org,Morrisbury,5,2026-05-03
187,James Griffin,stephanie49@example.net,West Desireebury,5,2024-07-16
188,Bryan Parker,tparks@example.com,Lake Sabrinaport,5,2023-07-03
189,Daniel Bernard,vhernandez@example.net,Robertside,4,2024-05-09
190,Nicole Pham,kathleenbecker@example.net,New Seanstad,4,2025-03-23
191,Justin Brown,ashleyhernandez@example.com,Wilsonborough,2,2024-06-13
192,Katherine Nolan,dstokes@example.org,Bryantton,1,2025-04-16
193,Megan Parker,fosterlisa@example.net,New Charles,4,2025-12-16
194,Michael Weaver,michaelcesar@example.com,West Robertberg,4,2023-10-24
195,Veronica Brewer,ybrooks@example.com,Bennettside,4,2024-06-09
196,Scott Wilson,urice@example.org,Port Andrewport,1,2025-01-18
197,Nathan Coleman,pmorrow@example.com,Ericborough,5,2024-05-21
198,Molly Rodriguez,bmendez@example.org,North Craig,3,2024-01-09
199,Kyle Warner,sanchezbradley@example.com,New Jeff,2,2024-02-11
200,Amy Gordon,jim95@example.net,Joelberg,3,2024-06-24
201,Ms. Jennifer Hill,conniesimmons@example.com,West Shellyfurt,4,2023-10-25
202,Emma Butler,kevinwhite@example.net,Allenbury,1,2023-08-19
203,Michael Shaffer,harttammy@example.net,South John,1,2023-07-02
204,Matthew Nielsen,christopher30@example.com,Nunezton,3,2024-04-26
205,Chelsea Gill,timothybooth@example.com,Susantown,1,2025-02-18
206,Colton Figueroa,srocha@example.net,South Rose,4,2025-05-02
207,Patricia James,kyle58@example.com,Garciafort,5,2024-03-09
208,Erica Harris,robert93@example.net,North Jose,1,2026-03-17
209,Lauren Butler,jameshall@example.net,South Andrea,5,2024-02-18
210,Gail Hines,plevy@example.net,Murraystad,1,2024-11-29
211,Nathan Freeman,warrenmary@example.org,Port Adamberg,4,2025-02-03
212,Crystal Mann,robinsonstephen@example.org,Hopkinstown,4,2024-12-30
213,Juan Smith,amanda40@example.net,Drakeburgh,1,2025-03-29
214,Brent Hernandez,christineking@example.com,Lauraland,3,2023-11-15
215,Jared Cunningham,kevinclayton@example.org,North Richardfurt,2,2025-08-01
216,Amy Smith,christopherbruce@example.net,Arielville,4,2024-07-27
217,Tamara Hall,enelson@example.net,Rachelshire,4,2024-04-10
218,Cassie Jefferson,alibrenda@example.net,Hickmanport,3,2025-07-18
219,David Davenport,irhodes@example.com,Camposberg,2,2024-06-17
220,Melissa Miller,brian63@example.org,Cassiefurt,2,2024-07-18
221,Erin Walters,whenry@example.net,Reynoldsshire,3,2024-02-26
222,Angelica Montgomery,jennifermiller@example.org,Dawsonberg,2,2023-08-07
223,Emily Rodriguez,hahnsean@example.com,East Christopherchester,2,2024-06-19
224,Justin Russell,davisangela@example.net,Michelletown,4,2024-01-17
225,James Miller,ashleyjackson@example.com,East Joseph,1,2024-10-31
226,Charles Jackson,robert71@example.com,Sherylfort,2,2025-06-13
227,Christina Rodriguez,adam65@example.net,Brockmouth,3,2024-12-20
228,Jeffrey Colon,kevinmorrison@example.net,South Leon,4,2026-05-08
229,Tracy Carter,yfaulkner@example.org,Nicholasfurt,4,2024-11-14
230,Timothy Gonzalez,erinpierce@example.net,Hahnborough,1,2023-09-20
231,Eddie Schwartz,ichambers@example.net,Johnberg,2,2024-11-21
232,Rachel Jones,iaguilar@example.net,Stephensstad,1,2025-01-03
233,Robin Wheeler,rodriguezjohn@example.net,Gabrielton,2,2024-06-14
234,Maria Lucas,tammy61@example.org,West Jeffreyhaven,3,2024-04-14
235,Melissa Walker,peter98@example.org,Whitneyfort,3,2024-05-18
236,Jason Nixon,guerrajessica@example.com,Matthewborough,2,2024-05-06
237,Hannah Davis,tflores@example.org,North Melindaville,1,2025-01-23
238,Carly Riggs,zacharyarnold@example.com,Mullenbury,3,2024-08-05
239,Lori Lopez,vfoster@example.net,South Brittany,3,2024-11-23
240,Michael Harris,raylauren@example.net,West Mark,5,2025-03-31
241,Dennis Huffman,candice96@example.net,West Michaelmouth,2,2024-01-24
242,Robin Mccarthy,samantha91@example.net,West David,2,2024-03-20
243,Clayton Steele,ibarnes@example.net,Hendersonfort,5,2024-08-19
244,Melissa Brewer,angelaburns@example.org,West Megan,1,2023-09-18
245,Sharon Crane,ytaylor@example.net,Ortizfort,4,2023-11-28
246,Ryan Burns,cunninghamlaura@example.org,Antoniobury,1,2024-07-31
247,Carol Ellis,hdunn@example.net,West Kimberlystad,4,2025-08-21
248,Nicole Wolf,bpayne@example.org,West Nancy,3,2023-07-13
249,Dennis Atkins,gonzalesvictoria@example.org,Port Joan,2,2025-01-22
250,Shannon Bishop,imartin@example.org,Port Brian,1,2023-08-08
251,Douglas Ryan,tiffany44@example.net,Stephaniehaven,4,2023-08-28
252,Miss Anna Estes,rsellers@example.net,Lake Michelle,1,2025-08-06
253,Michael Poole,kburns@example.net,Courtneyfurt,1,2023-11-15
254,Mark Beard,powellkara@example.net,Shawnfort,4,2023-10-16
255,Aaron Schroeder,simonstephen@example.net,Melissaside,2,2024-01-17
256,Walter Summers,sadams@example.com,New Melissa,3,2023-11-10
257,Stephanie Farmer,garciakristen@example.com,North Sarahburgh,4,2024-02-18
258,Aaron Rubio,wendyblankenship@example.net,Erikview,4,2023-10-28
259,Isaac Miller,brettgarrett@example.net,South Diana,1,2024-08-09
260,April Woods,brittneystone@example.com,North Heatherville,4,2024-03-14
261,Jennifer Anderson Md,zdavis@example.org,West Michaelport,2,2025-08-30
262,Raymond Mullins,darlenebyrd@example.org,New Debramouth,5,2024-05-02
263,Daniel Goodman,cjensen@example.org,North Donaldville,1,2024-07-26
264,Janet Richmond,kylie34@example.net,East Angelaport,2,2025-08-10
265,Melissa Abbott,jamie98@example.org,Phillipston,1,2024-07-18
266,Rebecca Allen,frodriguez@example.net,New Pamelatown,2,2023-07-19
267,Dr. Bonnie Valencia,rdiaz@example.org,Bestland,2,2025-02-01
268,Austin Baker,livingstonstacy@example.com,Courtneyhaven,1,2023-11-05
269,Jessica Morales,joshuacollins@example.net,Port Eric,5,2024-05-28
270,Kevin Hines,collinssamuel@example.org,East Christopherchester,3,2024-04-15
271,Logan Brown,davidzimmerman@example.net,East Tylerstad,3,2025-05-17
272,Rachel Le,nathanbrady@example.com,Port Rachelmouth,2,2023-10-15
273,Denise Brown,crawfordwilliam@example.org,Villarrealburgh,2,2024-01-02
274,David Garcia,perezwilliam@example.org,East Brandonstad,4,2024-03-22
275,Chris Velazquez,tranrobin@example.net,Walkerbury,2,2024-01-28
276,Nathan Nelson,duncandavid@example.net,East Jeffreyhaven,2,2024-08-28
277,Dr. Andrea Marshall,kiara45@example.org,Smithborough,3,2025-04-13
278,Richard Stevenson,stevenvargas@example.com,Lake Rachel,4,2023-12-22
279,Danielle Smith,ijohnson@example.com,West Aaronfurt,3,2024-06-07
280,Monica Garcia,robertwoodward@example.org,Christopherbury,2,2024-05-02
281,Kelly Haynes,stephen19@example.org,Lake Lori,1,2025-01-15
282,Keith Graham,joelgreen@example.com,Haynesmouth,1,2024-01-18
283,Dillon Jones,derekcarrillo@example.org,North Frank,2,2025-01-02
284,Jason Herrera,shannonford@example.org,East Lindseyport,3,2025-07-14
285,Melissa Williams,eddie35@example.com,Lake Kentburgh,5,2025-02-26
286,Jared Chavez,codygarcia@example.org,North Bryanbury,4,2025-04-17
287,Rodney Watson,aguilarjonathan@example.org,North Jamesmouth,3,2024-03-09
288,Anna Boone,david70@example.org,Underwoodfurt,1,2023-11-27
289,James Simmons Md,joshuagriffin@example.org,New Christinebury,3,2024-05-20
290,Kathleen Andrade,rbrown@example.com,South James,3,2024-01-21
291,Kelly Mccoy,mayokimberly@example.com,Stephensfort,3,2025-06-27
292,Keith Morris,hector59@example.org,Port Kimberlyton,4,2024-11-28
293,Kaitlyn Howard,terrigarcia@example.net,West Amanda,3,2026-03-05
294,Nancy Gallagher,barbaramcgrath@example.com,Savannahburgh,5,2025-03-05
295,Kevin Drake,robin05@example.net,New Stacy,1,2025-10-14
296,Rita Waller,gregory01@example.org,New Jeffery,2,2024-03-08
297,April Hardin,lindsaypeterson@example.org,Brianberg,3,2023-08-18
298,Sylvia Schroeder,susan56@example.net,West Kevinberg,4,2024-12-14
299,Morgan Kim,lbanks@example.net,Jeffreyshire,4,2023-09-08
300,Jamie Gross,david09@example.com,East Carriebury,4,2024-09-13
301,Ashley Crawford,julie35@example.com,Lake Nicole,3,2025-08-06
302,Michael Fowler,sean43@example.org,West Jonathanville,4,2024-01-19
303,Amber Kim,acosta@example.com,Bellfurt,1,2024-02-07
304,John Shields,franciscojones@example.org,Andrewview,2,2025-04-05
305,Angela Jackson,emartin@example.net,West Brookefort,2,2025-01-25
306,Jessica Valdez,gmoore@example.com,East Robert,1,2025-05-17
307,Tammy Fernandez,kenneth10@example.com,Hernandezstad,4,2026-01-06
308,Brandon Colon,bgonzalez@example.org,Lake Kelly,3,2023-09-03
309,Ryan Parker,qruiz@example.com,Lake Amyburgh,2,2026-02-17
310,James Lopez,bakersteven@example.org,Anneberg,2,2023-10-13
311,Mary Miller,lindsey69@example.org,Port Paulhaven,4,2024-05-26
312,Joseph Camacho,parmstrong@example.com,Christianton,2,2024-11-06
313,Stephanie Mcbride,davidtodd@example.org,East Lindsey,3,2023-11-04
314,Jay Mcneil,oharris@example.org,Luisland,1,2024-03-19
315,Justin Arnold,april09@example.net,Rodriguezberg,4,2025-07-19
316,Kevin Chang,buckleyanna@example.org,Mikaylastad,4,2024-10-21
317,Deborah Pena,rjohnson@example.com,New Charlotte,4,2024-06-09
318,Amanda Preston,hannah07@example.com,Andrewport,1,2024-05-15
319,Ryan Garrison,comptonjeremy@example.com,Schroedermouth,2,2024-03-07
320,Jason Brewer,scottmcintyre@example.com,Malonestad,1,2024-11-27
321,Kaylee Moore,jenna62@example.net,East Jamesborough,2,2023-09-18
322,Danielle Bryant,janet45@example.com,Reidville,4,2023-12-05
323,Dana Burns,ethompson@example.net,Maxview,3,2023-11-25
324,Melissa Mitchell,kwilliams@example.org,Lake Jeffrey,3,2024-05-12
325,Matthew Palmer,wellsdavid@example.org,East Johnnyport,2,2025-04-15
326,Michelle Hill,dyork@example.com,South Kevin,2,2025-01-21
327,Loretta Silva,hunteileen@example.com,Kennethville,5,2024-01-31
328,Mr. Donald Nguyen,jose43@example.org,North Linda,1,2023-10-15
329,Lindsay Guerrero,jenniferrios@example.com,Rebeccafurt,1,2025-01-21
330,Andrew Erickson,matthewreeves@example.net,Knoxstad,2,2025-04-14
331,Sarah Pittman,kellyruiz@example.net,Jessicaside,4,2025-08-15
332,Catherine Frazier,destiny35@example.org,Robertmouth,5,2024-08-15
333,Kevin Ford,ruizmichelle@example.net,South Pamelahaven,5,2024-03-01
334,Michael Moreno,jbrown@example.org,West Robert,2,2023-09-15
335,Susan Ellis,michelle21@example.com,Crystalburgh,3,2023-12-07
336,Anthony Hayes,kathleenjackson@example.org,Gloverland,4,2023-10-01
337,Jeffrey Jordan,ysanford@example.org,New Jamesstad,5,2025-04-26
338,Stephanie Sherman,andrewsmith@example.net,East Heather,3,2023-09-27
339,Carl Reyes,gary04@example.com,Lunahaven,2,2024-04-27
340,Stephen Cowan,wendy75@example.org,Port Richard,2,2024-01-30
341,Nicholas Anderson,lawrencegary@example.com,South Nancyview,3,2024-11-12
342,Lisa Wheeler,stanleydesiree@example.org,Lake Darrellmouth,1,2024-04-16
343,Joshua Wells,jamiejennings@example.org,Robertville,1,2023-08-13
344,Debra Obrien,robertroach@example.net,West Danielville,1,2025-12-15
345,Mr. Richard Decker Dvm,jade42@example.org,Lozanofort,2,2023-08-27
346,Aaron Powers,conleyelizabeth@example.org,Port Williamville,5,2025-03-06
347,Maria Bryant,joseph01@example.org,Port Kellymouth,4,2025-02-13
348,Brian York,smithdevon@example.net,West Michael,1,2024-06-02
349,Marco Johns,watsonmatthew@example.org,Rossmouth,4,2025-11-18
350,James Jefferson,zbanks@example.org,East Heatherton,4,2024-09-10
351,Dr. Ashley Pruitt,rpham@example.com,New Noah,3,2024-12-01
352,Allen Cohen,timothyfreeman@example.com,Williamsview,5,2026-01-28
353,Alexandria Oneill,tiffanysantiago@example.com,South Dorothybury,4,2024-09-17
354,Mr. Martin Hernandez,smithsarah@example.net,Christianburgh,3,2023-07-29
355,John Allen,brent38@example.net,Powellbury,3,2023-07-25
356,Jeremy Berry,gatessergio@example.org,Mcgeetown,3,2026-06-02
357,Jason Hawkins,petersenlatoya@example.net,Pamelaside,2,2024-04-26
358,Michael Clements,marcia37@example.com,Moranstad,4,2023-09-07
359,Ashley Malone,aaronkelly@example.net,Amystad,1,2023-10-20
360,Amber Martin,lydianewton@example.com,West Cherylborough,4,2024-03-19
361,Samuel Lewis,jenniferrodriguez@example.com,Lake Maryshire,1,2024-12-24
362,Steven Ellis,tamarasmith@example.net,New Savannahshire,3,2024-04-12
363,Mr. Thomas Thompson,jessicaanderson@example.com,Williamfurt,3,2024-09-15
364,Lee Schwartz,joshuastuart@example.com,Ballardberg,3,2024-02-08
365,Michael Goodman,megan85@example.net,East Jason,5,2024-05-02
366,Melissa Morse,tinasantos@example.org,Jenniferstad,2,2024-06-09
367,Lauren Bender,icraig@example.com,Stokeshaven,3,2024-03-06
368,James Brown,gonzalezkaren@example.org,Francesberg,3,2025-03-02
369,Melissa Phillips,howardshaun@example.net,Lake Deborah,4,2024-10-01
370,Jorge Robles,heather06@example.com,Fryemouth,2,2024-06-01
371,Amy Manning,christinenorman@example.com,Lake Janet,2,2025-06-10
372,Nicole Payne,kimberlybrandt@example.com,Thompsonland,5,2024-04-17
373,Christopher Palmer,rwilliams@example.net,Davidshire,1,2023-07-01
374,Abigail Owens,billmcfarland@example.net,Port Sarahport,5,2024-02-21
375,Kenneth Howard Dds,alicia28@example.org,South Amy,1,2023-08-09
376,Gregory Ware,mark43@example.net,Barajastown,1,2023-07-30
377,Gregory Allen,susanfleming@example.com,Moonville,2,2023-07-21
378,Joshua Campbell,willie87@example.com,West Rachelborough,2,2024-07-20
379,Bradley Davis,simsjason@example.net,Port Gina,1,2024-03-02
380,Christine Poole,elucas@example.net,North Stephen,3,2024-01-19
381,Brandon Brown,angela93@example.com,Hughesfurt,1,2024-12-10
382,Alan Nunez,maychristine@example.net,Lake Melaniestad,2,2024-04-21
383,Ashley Buchanan,catherine47@example.com,Shorttown,4,2025-05-05
384,Joseph Taylor,irobles@example.com,West Erica,2,2024-07-28
385,Rebecca Daniel,susan08@example.net,North Bobby,1,2025-08-06
386,Jennifer Kelley,torreskaitlin@example.net,Jasonhaven,2,2023-08-31
387,Clinton Jensen,james29@example.org,Newmanland,5,2023-09-09
388,Austin Garcia,wlynn@example.org,North Justin,2,2025-02-22
389,Corey Tucker,christina49@example.org,Lindseychester,5,2024-07-27
390,Erik Floyd,xhill@example.org,Nataliemouth,3,2025-06-22
391,Raymond Tucker,thompsoncatherine@example.com,New James,5,2025-07-25
392,Lori Luna,atkinsoncrystal@example.net,Hammondborough,1,2024-12-22
393,Kristen Stephens,jvaldez@example.com,Walkershire,4,2024-03-04
394,Donna Marshall,sanderswayne@example.net,Port Tamara,4,2023-11-12
395,Miss Nicole Taylor,haroldfry@example.net,Lake Jessica,1,2023-09-06
396,Amanda Juarez,bryanwood@example.org,New Rebecca,1,2024-02-21
397,John Gibson,williamsdeborah@example.org,Maryview,4,2025-11-15
398,Laura Bennett,pdiaz@example.org,Nicholasbury,3,2025-02-26
399,Heather Parrish,msparks@example.org,South Gabriel,2,2023-11-03
400,Mason Lewis,ericguzman@example.org,South Lisa,3,2024-08-04
401,Karen Mendoza,brittanyholland@example.com,East Bradleyshire,2,2023-12-01
402,Brandy Hunt,brianscott@example.org,Greeneshire,5,2024-05-09
403,Sherry Luna,stacey37@example.net,Dillonburgh,2,2025-07-14
404,Jason Thomas,cindydixon@example.org,Sandrashire,4,2024-08-26
405,James Anderson,harrismichele@example.net,Serranoville,5,2023-07-20
406,Steven Greene,davisdonna@example.net,Port Erikachester,2,2025-05-16
407,Jacqueline Williams,zperez@example.com,Bellshire,2,2024-02-26
408,Cesar Woods,reneemiller@example.net,Scotttown,1,2024-04-28
409,Rachel Lane,meyernicholas@example.org,Robertville,1,2025-05-05
410,Matthew King,ncunningham@example.com,Fischerchester,5,2024-01-15
411,Kristin White,tking@example.net,Kimfurt,2,2024-12-13
412,Sarah Hopkins,seanlyons@example.org,East Williammouth,1,2023-11-26
413,Lisa Cohen,martintamara@example.org,Port Dustinchester,1,2024-11-02
414,Dennis Wood,ramseysarah@example.com,Jenniferton,5,2024-06-11
415,Samantha Bowman,qsmith@example.net,Jameshaven,5,2023-08-31
416,Crystal Jackson,warddiana@example.org,West Kimberlystad,1,2026-03-20
417,Jennifer Gonzalez,mclaughlincasey@example.org,Jessicaside,2,2025-06-20
418,Hannah Richmond,jeremy37@example.com,West Gregoryhaven,3,2025-07-30
419,Benjamin Phillips,prattsue@example.net,Heatherfurt,3,2024-10-01
420,Patricia Todd,lmaldonado@example.org,Wilsonland,4,2025-05-22
421,Richard Robinson,laurengutierrez@example.com,Lake Marilynbury,4,2024-06-02
422,James Goodman,charles27@example.com,Jefferyshire,1,2023-11-21
423,Travis Vega,victorgonzalez@example.net,Port Joseph,2,2023-09-30
424,Ruben Huff,eric11@example.org,Austinside,5,2023-11-17
425,Sarah Watson,travis94@example.com,Port Sabrina,4,2023-08-29
426,Daniel Ray,foxrodney@example.net,New Michaelburgh,5,2023-10-18
427,Bryan Holmes,hannah03@example.com,West Michaelview,2,2025-11-26
428,Dennis Adams,michael76@example.org,Haynesstad,1,2025-06-14
429,James Hayes,tiffanyparks@example.org,Lindaside,2,2025-03-22
430,James Thomas,thomassmith@example.com,Taylorhaven,1,2025-08-03
431,Emily Tucker,anna90@example.com,Lake Frankborough,4,2024-06-30
432,Karen Soto,qgarner@example.com,Annview,1,2023-11-30
433,Jason Bell,barbarasantos@example.net,Port Justin,2,2023-08-17
434,Jordan Hampton,ypreston@example.net,Stevenberg,1,2024-07-03
435,Margaret Mcfarland,kwelch@example.com,North Fernandobury,1,2024-02-16
436,Matthew Page,cnelson@example.com,Gutierrezburgh,1,2025-03-20
437,Beth Young,shelby13@example.org,Garcialand,1,2023-12-16
438,Kara Brown,fwarren@example.org,Christineland,4,2024-03-26
439,Stacey Parker,joanramos@example.org,New Mary,1,2024-02-27
440,Matthew Dalton,michelle78@example.com,Taylorside,4,2025-01-02
441,Kyle Welch,omills@example.net,Reginafort,4,2023-10-08
442,Regina Ramos,robert24@example.org,New Lisaberg,1,2025-10-21
443,John Smith,earroyo@example.com,Port Russellport,4,2025-01-21
444,Rebecca Kelley,robertcastro@example.com,East Jennifer,1,2024-04-26
445,Sandra Walker,hendersonjohn@example.net,Justinside,4,2023-08-11
446,Jennifer Castaneda,derrickrodriguez@example.com,Nelsonfort,3,2026-03-13
447,Alec Williams,lopezcurtis@example.com,Lake Samuel,3,2024-04-05
448,Brandon Smith,matthewcollins@example.com,Steventon,2,2024-08-01
449,Ryan Lynn,adamsphilip@example.net,Whiteview,4,2023-08-06
450,Sandra Martinez,paulproctor@example.org,East Stevenville,4,2024-02-13
451,Vickie Kennedy,sharon20@example.net,West Timothyport,1,2023-11-26
452,Stephen Boyer,teresayoung@example.com,Alexisview,2,2023-09-29
453,Jennifer Sanchez,perkinshannah@example.net,West Kelli,1,2025-10-14
454,Jonathan Parks,sarah00@example.com,Lake Amanda,3,2025-05-07
455,John Stewart,linda73@example.org,Howardberg,2,2025-03-30
456,Andrew Mann,amy73@example.net,New Michael,4,2025-04-17
457,Denise Guerra,caseymoore@example.com,Ambermouth,1,2023-11-12
458,Mark Gray,nicoleharvey@example.com,West Jennifer,5,2025-05-28
459,Kimberly Hughes,jcannon@example.net,Marcusmouth,4,2023-07-18
460,Joseph Jones,gregoryjohnson@example.org,Leeton,4,2025-08-04
461,Sara Barrett,brandon39@example.net,North Sarahborough,4,2025-12-05
462,Tanya Collier,dowen@example.com,Shortton,2,2024-04-03
463,Deborah Williams,davenportchristian@example.org,North Jessicaside,4,2024-01-09
464,Corey Sandoval,angelagrant@example.net,Port Daniellestad,1,2024-12-24
465,Michele Simmons,jacksonhenry@example.com,Dianeside,4,2025-05-28
466,Mrs. Heather Edwards Dvm,megan66@example.net,Charleneshire,2,2024-07-05
467,Jaime Pierce,michael77@example.com,Lake Austinport,1,2024-06-19
468,Kelly Holder,adam33@example.com,Port Lynnview,1,2023-10-26
469,Kayla Duncan,clintonstevens@example.org,West Michael,2,2023-09-26
470,Crystal Shepherd,duncanashley@example.org,Lake Markfort,1,2024-06-09
471,Roger Norris,larsonkevin@example.net,Millerton,2,2025-02-21
472,Felicia Hobbs,hbutler@example.org,Lake Kimberlyfurt,5,2025-08-08
473,Joseph Flores,markwolfe@example.org,Lake Jessicafurt,2,2023-10-15
474,Nicole Johnston,walkerkeith@example.com,East Matthew,3,2023-07-01
475,Patrick Kelley,christopher86@example.net,Port Dennis,2,2024-08-12
476,Katherine Pearson,annshea@example.net,East Charles,2,2024-07-02
477,Erica Glass,rodriguezrobert@example.com,Jamesstad,3,2023-09-30
478,Allison Torres,christina79@example.org,Williamsbury,3,2024-01-12
479,James Todd,rodriguezbrian@example.net,Port Marissa,5,2024-03-27
480,Greg Brock,shannon05@example.org,East Amy,2,2023-09-24
481,Kimberly Dean,heatherbarnett@example.com,West Georgeport,2,2024-10-19
482,Michael Nelson,apena@example.org,Guerrerostad,4,2026-01-06
483,Alicia Dillon,yhall@example.net,West Toddside,4,2024-09-26
484,Cristian Rasmussen,williamssandra@example.com,Tracyburgh,5,2025-11-03
485,Michael Kelly,joel84@example.org,Natashatown,4,2024-12-02
486,Tiffany Perez,penny21@example.net,Meyerbury,1,2023-09-22
487,Kenneth Simmons,renee57@example.net,East Denise,1,2024-07-12
488,Melinda Harris,kylethornton@example.net,South Wendy,1,2024-05-03
489,Brianna Fitzpatrick,lonniegrant@example.net,East Lonnieberg,4,2024-01-26
490,Pamela Beard,tali@example.com,Edwinborough,1,2025-10-07
491,Cody Farmer,catherine93@example.net,East Grace,5,2024-06-12
492,Michael Woods,xjoseph@example.org,Henryberg,4,2023-08-16
493,Darrell Ortiz,schaeferstephanie@example.org,Port James,2,2024-02-03
494,Troy Gonzales,dwatts@example.org,Sullivanton,1,2026-01-16
495,Samantha Cortez,vcarr@example.net,New Danielmouth,4,2024-10-31
496,Amanda Forbes,cterrell@example.net,Blackton,3,2023-07-23
497,Jeffrey Wilkerson,steven64@example.net,Lake Zacharyberg,1,2025-10-31
498,Matthew Davis,whitebrenda@example.net,South Robert,3,2025-07-12
499,Christopher Garza,nicoledavis@example.com,Lake Jessica,3,2024-08-20
500,Michael Walters,millspatrick@example.net,South Andrea,5,2023-12-26
501,Christopher Rogers,fernandothomas@example.net,South Kylemouth,3,2025-10-21
502,Christopher Roach,adamcannon@example.org,Jimenezfort,3,2025-02-05
503,Abigail Andrade,jaykeller@example.com,Ramostown,3,2024-05-04
504,Joshua Harvey,brandonhernandez@example.net,Benjaminton,3,2024-06-27
505,Sara Evans,williamsrobert@example.org,Lake Justin,2,2025-02-05
506,Melissa Armstrong,tammycurry@example.com,North Kaylamouth,1,2023-07-23
507,James Jones,ebridges@example.com,Taylorview,4,2024-03-31
508,Jason Clark,cherylrodriguez@example.net,South Jenniferport,3,2024-07-31
509,Ryan Green,sara99@example.com,Vasquezburgh,3,2024-04-30
510,Crystal Roberts,aaronjohnson@example.net,Lake Melaniechester,2,2024-01-15
511,Gene Castro,alexharris@example.com,Kristyport,4,2024-12-23
512,Joshua Wang,jenningsmatthew@example.net,Port Gregorymouth,1,2024-03-27
513,Tammy Mendoza,probles@example.org,Mooremouth,1,2023-10-01
514,Kimberly Rogers,dreilly@example.net,Annettemouth,2,2024-09-23
515,Alicia Ray,lauren51@example.org,Marymouth,2,2024-06-19
516,Miss Sarah Duncan,hlopez@example.com,Jenniferview,2,2023-08-15
517,Jonathan Young,tgallegos@example.org,Gregorystad,2,2023-11-06
518,Paula Gentry,zhunter@example.com,East Matthew,4,2023-10-26
519,Dr. Eric Murphy,shortsharon@example.net,East Jenny,5,2023-10-08
520,Miguel Boyd,collinsbradley@example.net,West Steventon,4,2024-03-15
521,Ralph Reese,lanelarry@example.org,Jamesport,4,2024-08-31
522,Francis Alexander,nelsoneric@example.org,New Anitaville,2,2025-01-18
523,Gregory Flores,sherrybrock@example.net,East Charles,2,2024-06-20
524,Gina Wallace,anthonyberger@example.org,South Brianchester,1,2024-07-27
525,Michael Vance,tjensen@example.com,Lake Katherine,3,2024-02-29
526,Angela Livingston,fbradley@example.net,Davisport,4,2024-08-04
527,Michelle Marshall,staceythomas@example.net,Robertafurt,5,2024-09-24
528,Thomas Rivera,shawn01@example.com,West Timothyburgh,2,2023-12-16
529,Gregory Andrews,sullivanjennifer@example.org,Angelaland,2,2024-02-21
530,Kim Morales,pallen@example.net,South Patrick,2,2025-04-12
531,Robert Garza,vbradley@example.net,East Elaine,2,2025-01-27
532,Timothy Andrews,mwilson@example.com,Angelamouth,3,2024-08-08
533,Tyler Jones,jenningscandace@example.com,Troyton,2,2024-02-13
534,Robert Clay,shermandonna@example.com,Petershire,1,2024-03-13
535,Daniel Rich,ashley46@example.net,Veronicashire,1,2024-03-30
536,William Powell,melissabrown@example.net,North Jacquelinestad,3,2024-03-07
537,Douglas Johnson,zpark@example.net,Jenniferfurt,3,2024-07-19
538,Joshua Bates,jtaylor@example.com,Maryberg,3,2023-08-23
539,Shane Martinez,jonesalfred@example.net,Barrettberg,2,2024-01-03
540,Martin Perry,senglish@example.net,Hansonmouth,1,2025-05-13
541,Kristen Cole,jeremiah69@example.org,Bradfordbury,3,2024-07-27
542,Debra House,arthur09@example.com,Danielfort,2,2024-03-01
543,Angela Cross,steven18@example.net,East Thomasland,5,2023-11-15
544,Kimberly Riley,bergeramanda@example.org,Gibsonfort,2,2024-04-03
545,Erin Gomez,keith09@example.net,Jessicashire,3,2024-04-08
546,Mark Lane,douglaskelly@example.net,West Toddberg,2,2023-09-21
547,Sarah Ramirez,christinahill@example.com,Lake Danielburgh,5,2024-07-27
548,Nancy Hopkins,lindsey43@example.com,Port Alison,2,2023-11-26
549,William Coffey,marymullins@example.com,Youngmouth,3,2024-02-18
550,Carol Lane,brian41@example.org,South Raymond,3,2024-02-02
551,Paul Goodwin,noahthornton@example.com,Dustinchester,4,2025-02-03
552,Timothy Cole,suzanne01@example.net,Stephaniechester,4,2024-04-06
553,Marissa Nelson,joseph14@example.net,Murraybury,3,2024-07-02
554,Leah Lee,erica25@example.net,Lake Alanland,5,2023-07-19
555,Brent Garcia,ubell@example.com,Jamestown,2,2023-09-08
556,Amy Wheeler,stephanielittle@example.net,North Melissaberg,3,2023-07-29
557,Phillip Wong,pauladominguez@example.com,Stevenland,1,2023-11-08
558,Tammy Hill,qschwartz@example.com,Fernandoland,1,2023-08-19
559,Antonio Price,scottlisa@example.org,Jonesborough,4,2024-07-24
560,Cassandra Vasquez,amberreynolds@example.net,South Jenniferville,2,2024-03-01
561,Benjamin Luna,fsmith@example.org,North Elizabethview,1,2024-10-24
562,Gary Myers,robertsonshelby@example.com,Grahamland,5,2024-01-11
563,April Finley,imartinez@example.com,Evelynfurt,2,2024-07-20
564,Zachary Holland,amanda51@example.com,Deborahburgh,2,2024-06-02
565,Tracy Guerrero,heather15@example.com,Lake Samuelborough,1,2024-06-11
566,Corey Cortez,tracybrown@example.net,Victormouth,1,2023-09-14
567,Alexis Morgan,kristin06@example.org,Port Desiree,4,2025-10-04
568,Teresa Berg,joycehall@example.org,Lake Donaldtown,1,2023-10-01
569,Thomas Williams,alexischen@example.com,South Cherylshire,1,2024-12-08
570,Robert Wilson,bryanharris@example.com,Nguyenshire,5,2023-11-14
571,Erica Oconnell,kathrynwatkins@example.com,North Joshuachester,3,2023-11-28
572,Jacob Martin,sarawilliams@example.org,Stricklandtown,2,2026-01-20
573,Angela Smith,mannbrittney@example.com,Steelefort,2,2023-07-10
574,Christine Bowman,ljenkins@example.net,New Hectorfort,4,2025-04-05
575,Anita Serrano,michael08@example.org,North Valerie,1,2025-01-19
576,Lisa Huffman,stevensims@example.org,Brianville,5,2025-02-19
577,Melinda Schmitt,kjimenez@example.net,North Deannaport,5,2024-08-06
578,David Jensen,vwilliams@example.org,East Kristen,3,2025-03-31
579,Mr. Steven Griffith,robert53@example.org,Jeremybury,2,2024-07-17
580,Sheila Bennett,charlesrichards@example.org,Thomasmouth,3,2023-09-29
581,James Ellis,crystalcantrell@example.org,Davidshire,4,2024-01-07
582,Chad York,wbarnes@example.com,West Cassandra,4,2026-04-01
583,Margaret Carr,belindatran@example.org,South Melodyfort,2,2023-08-20
584,Cindy Wells,uramirez@example.com,East Mark,3,2023-08-31
585,Stephanie Vargas,robinvillanueva@example.com,North Vickiehaven,5,2025-01-15
586,Joseph Mendoza,chavezjohn@example.net,Lake Jessicaborough,5,2024-03-31
587,Edward Holland,smithelizabeth@example.org,Hodgeshire,2,2025-06-12
588,Jesse Ingram,xlopez@example.net,Padillatown,2,2025-05-29
589,Andrea Barry,alyssa46@example.com,Port Gail,3,2023-12-24
590,Gabriela Randolph,pamela16@example.com,Harveystad,3,2024-01-14
591,Matthew Bush,devonrogers@example.net,Lake Timothyshire,3,2024-08-15
592,Michele Mullins,lukehurst@example.net,Ramirezland,3,2024-02-19
593,Jesse Mason,harrisonamanda@example.net,Shannonstad,3,2024-08-03
594,Theresa Lamb,lopeznicole@example.org,South Rachaelport,1,2024-04-04
595,Angela Martin,terrytyler@example.org,West Robertside,1,2024-07-26
596,Kara Fisher,carterbryan@example.org,Robertmouth,4,2024-09-13
597,Rachel Tucker,kellis@example.org,Georgeview,3,2024-05-17
598,Jacob Roberts,hernandezjustin@example.org,Lake Amanda,4,2025-10-31
599,Christopher Erickson,evanwilson@example.com,South Jorge,4,2025-08-13
600,Justin Johnson,tiffany25@example.com,New Kevin,1,2023-08-31
601,Jennifer Porter,staciereilly@example.org,Lake Amyhaven,2,2024-06-06
602,Michael Wells,tara92@example.net,Morganville,2,2024-04-28
603,Stephanie Taylor,parkerrichard@example.org,Howardmouth,4,2024-06-24
604,Martin Silva,kimberlywang@example.org,North Amandamouth,3,2024-11-22
605,Tina Daugherty,ulee@example.net,Lake Michaelberg,2,2025-03-25
606,Jessica Hughes,mitchellmichael@example.com,East Jessicamouth,1,2025-07-13
607,Jennifer Ramos,lindawaller@example.com,Taylorshire,3,2025-11-08
608,Briana Turner,carl96@example.org,South Danielleview,1,2024-02-18
609,Justin Page,jamescollier@example.com,Williamsport,1,2024-04-30
610,Elizabeth Hansen,ywalker@example.org,West Kevin,3,2023-10-04
611,Mallory Martinez,robert73@example.org,Port Joshualand,3,2024-06-03
612,Heidi Castillo,ooneill@example.net,Mccannville,3,2025-09-12
613,Nicholas Smith,francisco02@example.com,Johnsberg,1,2024-07-21
614,Anthony Ward,brandon48@example.net,New Jamesburgh,2,2024-11-25
615,Linda Jackson,monique44@example.net,Codyshire,4,2026-01-13
616,Charles Taylor,nathan76@example.com,North Jeffery,1,2024-06-03
617,Sandra Pope,butlersabrina@example.org,North Timothy,4,2025-05-15
618,Jack Montoya,gerald40@example.net,East Davidberg,2,2023-10-15
619,Elizabeth Clark,colemankathryn@example.org,North Kimchester,1,2025-02-17
620,Brian Mcguire,harrisonrebekah@example.org,West Elizabethville,2,2025-08-19
621,Tamara Harris,jackbell@example.org,Port Julie,4,2023-08-18
622,Kevin Bell,williamjones@example.net,New Jayborough,3,2024-02-14
623,Carolyn Webster,beltrancorey@example.org,Richardsonshire,1,2023-09-02
624,Michael Rodriguez,tina63@example.net,South Daniel,2,2024-09-09
625,Mrs. Ashley Taylor,janet80@example.org,Tristanfurt,4,2024-07-31
626,Kyle Collins,aperez@example.com,Lopezland,1,2024-09-17
627,Rebekah Crosby,harry71@example.com,Millsland,5,2024-02-05
628,James Neal,figueroapatricia@example.org,West Theresamouth,3,2025-01-20
629,Ryan Powell,maryhardy@example.com,Katelynfurt,2,2023-11-28
630,Melvin Clements,jdixon@example.com,North Johnfort,4,2024-12-10
631,Tommy Johnson,greertyrone@example.org,South Cassandra,4,2024-10-10
632,Eric Hanson,guerreroapril@example.com,Harrisfort,1,2025-01-17
633,Dennis Cooper Phd,cisnerosanthony@example.com,South Shannonfurt,1,2024-03-20
634,Andrew Thompson,nicole27@example.com,West Jennifer,4,2023-11-15
635,Mr. Michael Keller,kalvarez@example.net,South Joseshire,3,2024-04-26
636,Lisa Gomez,luke09@example.org,Port Michael,2,2023-10-11
637,Lauren Hubbard,oscar65@example.com,Bellbury,1,2023-11-12
638,Matthew Watkins,meltondanny@example.org,New Markmouth,2,2024-09-09
639,Jenny Robertson,sadams@example.com,West Nicholasfurt,1,2024-09-03
640,Brent Freeman,matthewshaw@example.net,Garrettport,2,2023-09-19
641,Jeffrey Crawford,pittmanamanda@example.com,Brandonshire,3,2024-08-03
642,Darrell Newton,robbinsbelinda@example.net,Joshuashire,2,2024-04-03
643,Karen Clark,pearsonkevin@example.com,Alvaradomouth,1,2024-12-02
644,James Weber,jpowers@example.org,Lake Jacquelineburgh,4,2024-01-23
645,Christy Hayden,oadams@example.net,Michaelton,2,2024-08-09
646,Helen Hernandez,juliecannon@example.com,Floresland,4,2025-07-28
647,Sarah Adams,debbie49@example.org,Allenberg,3,2023-12-04
648,David Wilcox,bwashington@example.com,East Erikberg,2,2024-08-02
649,Richard Ramirez,dawnwilliams@example.net,Caseyton,2,2024-02-09
650,Angela Guzman,lesterrichard@example.com,South Sherryberg,2,2024-08-21
651,Kenneth Mason,boydmaria@example.net,Tylerland,3,2025-04-07
652,Bryan Roman,marisa63@example.com,East Daniel,3,2023-08-08
653,Donald Ortiz,henrynicholas@example.org,Amyfort,3,2023-12-08
654,Tracey Suarez,michaelbaldwin@example.com,Lake Tammyton,2,2024-10-18
655,Mary Everett,johnnycruz@example.net,Rebeccaville,1,2024-04-14
656,Cynthia Ramos,browningphillip@example.com,Christopherbury,2,2023-07-30
657,Scott Martin,zwelch@example.net,Mccormickview,5,2024-02-07
658,Samantha Shepard,vmclaughlin@example.net,Mcdowellville,2,2024-04-06
659,Melissa Hunter,robert85@example.com,Port Brettburgh,1,2024-07-20
660,Rachel Taylor,tgonzalez@example.com,North Erichaven,3,2025-11-27
661,Patricia Banks,melaniejennings@example.com,Mendozaberg,1,2025-01-03
662,Michael Serrano,james65@example.org,Waltershire,2,2024-03-10
663,Travis Leblanc,rebeccamccann@example.org,Jacquelineburgh,1,2025-03-24
664,Luke Burke,christopherrichardson@example.net,North Jenniferchester,5,2023-12-27
665,Tanya Wilcox,twilson@example.org,Port Lisa,2,2024-04-27
666,Paul Reyes,mgates@example.org,Jessicaborough,5,2023-09-06
667,Jason Thomas,theresa39@example.com,West Brandi,4,2023-07-12
668,Angelica Harrison,terri63@example.net,Ericksonview,2,2025-01-19
669,Justin Williams,thomasgomez@example.net,North Jonfurt,1,2024-10-10
670,James Wood,carpenterjorge@example.net,Conradmouth,4,2023-11-29
671,Evan Moreno,jorgeedwards@example.org,Savageview,3,2025-05-23
672,Tammy Campbell,chloe48@example.com,Staffordmouth,1,2024-05-22
673,Katherine Dodson,jbrown@example.org,East Barry,1,2023-08-05
674,Michael Graham,wwilliams@example.net,Ellisville,2,2023-11-10
675,Sharon Martinez,harrisjustin@example.org,Annashire,2,2024-02-19
676,Zachary Smith,robertjones@example.com,West Anthonyville,2,2023-11-17
677,Kevin Bean,eric17@example.net,Gibsonview,2,2025-03-29
678,Abigail Booker,unguyen@example.net,East Michelle,4,2025-10-10
679,Diane Yates,paynecarrie@example.org,Scottbury,4,2023-10-01
680,Sharon Davis,frankchan@example.com,North Kenneth,3,2024-07-15
681,Nancy Dorsey,michaeldavis@example.com,South Sean,2,2024-02-26
682,Derrick Burke,avilalisa@example.net,South Crystal,3,2024-03-01
683,Jose Mcpherson,deborahreeves@example.com,West Taylorland,3,2024-08-31
684,Karen Hernandez,gabrielleevans@example.org,Phillipston,4,2024-06-11
685,Sylvia Palmer,dgutierrez@example.net,Michaelshire,1,2023-09-19
686,Jonathan Wilson,lwhite@example.com,North Robertport,2,2025-03-20
687,Nathaniel Todd,qhanson@example.com,East Jacob,1,2023-07-13
688,Lindsey Savage,hamiltonandrew@example.com,North Georgefort,5,2023-11-08
689,Jared Sandoval,nturner@example.com,Ballardland,5,2024-07-14
690,Adrian Rodriguez,hortonjacob@example.org,South Deborah,2,2024-07-16
691,Jessica Garrett,christophercarrillo@example.org,Hendersonville,3,2024-01-04
692,Christian Park,cruiz@example.net,East Kenneth,5,2023-09-18
693,Jenna Cook,mccoyjennifer@example.com,Mclaughlinside,2,2025-04-03
694,Mrs. Jennifer Palmer Dds,dhall@example.net,South Barbaraside,4,2025-11-04
695,Steven Butler,nwilson@example.net,Shanechester,1,2024-10-05
696,Dwayne Lee,samuel83@example.net,Sandramouth,2,2024-04-30
697,Edward Dawson,rwhitaker@example.net,Lauraburgh,1,2023-11-13
698,Diane Curry,manderson@example.org,Garciachester,1,2025-01-28
699,Katherine Young,kiddmichael@example.com,Ericaburgh,5,2024-08-01
700,Stephanie Johnson,morgandaniel@example.org,New Jeffreyview,2,2025-06-09
701,Rachel Hammond Phd,paula89@example.net,Lake Brentmouth,1,2025-05-03
702,Tonya Campos,harringtonchelsea@example.org,New Danielville,3,2023-07-10
703,Susan Moore,jean87@example.net,East Deborahmouth,2,2024-02-08
704,Barbara Harris,ahammond@example.org,Petersonhaven,1,2024-07-07
705,Derek Espinoza,qward@example.org,Port Karen,2,2023-10-31
706,Darren Pham,dhardin@example.net,Sherrymouth,3,2025-01-03
707,Adam Drake,millerleroy@example.org,Brownton,2,2023-12-25
708,Margaret Orr,levinetina@example.net,Robertside,1,2023-10-06
709,Mikayla Edwards,alan48@example.net,Lake Richard,2,2025-02-04
710,Stacy Weber,zterry@example.net,Roweport,4,2023-10-11
711,Joshua Price,abigailfernandez@example.org,New Andreahaven,3,2024-08-22
712,Mark Johnson,john46@example.net,Lake Brianstad,2,2023-11-11
713,Jordan Martinez,westashley@example.org,Morganbury,1,2023-11-06
714,Virginia Cunningham,michaelmitchell@example.net,Lake Nicholas,4,2024-09-25
715,Ashley Black,mackenzieward@example.org,Lake Ronald,4,2024-12-02
716,Brandon Coleman,thomasgriffin@example.com,Chapmanhaven,3,2024-03-07
717,Shelby Silva,sbarajas@example.com,Colonberg,3,2024-02-01
718,Kari Ellis,bensonstanley@example.org,New Mike,1,2024-05-02
719,Lindsay Ortiz,woodkeith@example.net,North Nathan,5,2024-02-23
720,Elizabeth Tucker Phd,kristenfisher@example.com,Jasonfort,1,2023-11-23
721,Joshua Jones,butlerashley@example.net,Mcculloughfurt,4,2024-03-17
722,Nathan Obrien,williammurray@example.com,Hernandezmouth,4,2024-07-22
723,Mario Hanson,zhall@example.com,Lake Pamelaview,3,2023-10-18
724,Sharon Mann,ann18@example.org,New Amber,4,2024-01-11
725,Tina Boyd,bshaw@example.org,North Joshua,1,2024-09-01
726,Ronald Combs,imiller@example.net,Richardton,1,2023-08-05
727,Timothy Morgan Jr.,heathlogan@example.com,North Tinaside,2,2024-02-12
728,Charles Scott,moorestephanie@example.net,North Christina,2,2024-09-16
729,Alexander Brown,jgarcia@example.com,Jonathanville,1,2023-12-04
730,David Harper,trevorgoodwin@example.com,West Brucemouth,4,2023-09-11
731,Ana Johnson,robinsmith@example.net,East Kathrynberg,3,2023-11-20
732,Jason Miller,kristathomas@example.net,Port John,3,2025-03-10
733,Tonya Peters,smithsteven@example.net,Deniseburgh,2,2025-05-15
734,Timothy Olson,mary65@example.net,New Mary,1,2025-11-12
735,Christopher Ferguson,turnerrandall@example.org,Lake Angela,3,2023-08-27
736,Jeffrey Bishop,nicole54@example.net,Nelsonmouth,4,2025-10-11
737,Joe Greene,sloandennis@example.org,Smithtown,2,2023-08-12
738,Jennifer Woodard,ifarmer@example.org,New Anthonymouth,2,2025-09-13
739,Heather Hess,paul01@example.com,Sharonmouth,4,2025-02-02
740,Patrick Chang,james94@example.net,East Tina,2,2024-05-13
741,Amanda Vasquez,adrianjoyce@example.net,Rodriguezview,2,2024-04-09
742,Kathleen Arnold,cameronanderson@example.org,West Sarah,2,2025-06-30
743,Sierra Daniel,james08@example.net,Erinmouth,1,2025-06-19
744,Jeffery Nunez,nashmarcus@example.com,Davidhaven,2,2026-03-03
745,Isaiah Blake,brandonhull@example.net,Stewartfurt,1,2023-07-27
746,Brad Armstrong,mooneyjeremiah@example.net,Rosariobury,3,2024-12-25
747,Gary Brown,johnsonryan@example.org,Marybury,1,2025-02-27
748,David Peterson,underwoodapril@example.org,Port Carolmouth,2,2023-07-20
749,Lori Riley,villegassabrina@example.com,Pamelaland,2,2024-02-24
750,Amy Lang,turnerconnie@example.org,Lake Brianton,5,2026-03-21
751,James Davis,mhall@example.net,South Patrickchester,4,2025-10-10
752,Lisa Morgan,gibsonmark@example.org,North Alexanderland,2,2024-02-01
753,Sara Strong,danascott@example.com,Hardymouth,4,2024-06-25
754,Chad Williams,larrygraham@example.net,Larryside,2,2023-08-08
755,Brittany Parker,kelly08@example.net,North John,2,2023-08-16
756,Kristin Brown,james33@example.org,Jaimefort,4,2025-07-16
757,Vicki Greene,melissa95@example.net,Robertburgh,5,2023-11-10
758,Shawn Lozano,arobinson@example.net,Lake Jerry,1,2024-10-06
759,Cynthia Navarro,lindsay63@example.com,Port Veronica,2,2023-11-28
760,Benjamin Johnson,thomasscott@example.net,Bradleytown,5,2023-08-08
761,Duane Robinson,jennifer58@example.org,East Andrew,5,2024-04-30
762,Susan Smith,nicholascobb@example.org,Sharonport,1,2024-01-10
763,Jacob Watson,shelleyrowland@example.net,Johnsland,1,2024-04-27
764,Stephen Anderson,jamesgray@example.com,Carolbury,5,2024-05-05
765,Pamela Matthews,kristine53@example.org,Moniquehaven,3,2024-06-01
766,Stacey Clark,muellerkrystal@example.net,East Williamhaven,1,2023-09-28
767,Joseph White,alicia77@example.com,Biancashire,3,2023-09-01
768,Christine Jacobson,zroy@example.org,Ronaldfurt,2,2023-08-23
769,Taylor Brooks,taylorchristopher@example.com,Jerryton,2,2024-06-25
770,Marc Simmons,xreynolds@example.com,Joshuatown,2,2023-10-02
771,David Brewer,rachel48@example.net,Port Joshuabury,3,2025-09-09
772,Benjamin Johnson,matthewleonard@example.com,Julieview,1,2024-05-13
773,Larry Taylor,alan44@example.com,Bautistashire,3,2026-03-26
774,Alexandra Valdez,michelleperez@example.net,South Jesus,4,2024-01-06
775,Kristen Harrison,fpeterson@example.com,South Kayla,3,2023-11-30
776,Christine Cole,brooksbarbara@example.org,Sherrytown,2,2024-09-07
777,Mr. Henry Perez Md,sfarmer@example.net,Marktown,4,2026-01-20
778,Amanda Taylor,ashley99@example.net,Bairdborough,1,2024-07-01
779,Amy Hughes,krodriguez@example.com,Christopherville,2,2023-07-30
780,Cassandra Serrano,mjohnson@example.org,Campbellbury,2,2025-01-02
781,Joseph Gibson,april25@example.com,Mooreville,4,2024-06-16
782,Jason Paul,nfriedman@example.org,West Ryan,4,2023-08-30
783,Karen Munoz,briana87@example.com,North Vickie,5,2023-08-21
784,Roger Jacobs,aliciakent@example.com,Fordton,1,2024-05-07
785,Donna Ibarra,treed@example.com,Austinburgh,2,2024-01-24
786,Christopher Williamson,qellis@example.org,South Hollyton,4,2025-01-07
787,Seth Hill,elizabeth13@example.com,Riddleside,1,2024-08-16
788,Jacob Campos,robert24@example.org,South Anthonymouth,1,2023-09-25
789,Patrick Foley,qjohnson@example.org,West Ellen,4,2024-07-17
790,Joel Miller,jenniferkim@example.com,Mckenzieburgh,1,2024-03-28
791,Lisa Thompson,nicholspeter@example.org,Lake Joshuamouth,4,2024-07-02
792,Daniel Johnson,scottwilliams@example.net,South Hannahmouth,5,2024-12-20
793,Aaron Barton,sarahbrooks@example.org,North Allen,1,2023-12-12
794,Adrian Hoover,walkernicole@example.net,Lake Gary,3,2025-06-15
795,Brian Murphy,colleenvilla@example.com,Martinezborough,4,2024-01-03
796,Frank Smith,alexander37@example.org,Lake Lisastad,3,2025-03-16
797,Stephen Jenkins,gbird@example.net,West Susan,2,2024-10-26
798,Vicki Horton,martinreid@example.net,Tiffanyfort,3,2024-06-16
799,Alan Barr,oreyes@example.net,New Briana,4,2025-04-29
800,Crystal Jensen Dvm,joel63@example.net,North Devinfort,1,2025-04-08
