customer_id,customer_name,email,signup_date,region_id,city
1,Jesse Flowers,mitchellclark@example.com,2025-12-20,4,New Cynthiaside
2,Carla Gray,gabriellecameron@example.org,2023-07-23,2,Port Antonio
3,Derek Clark,jason76@example.net,2024-03-27,4,Thomasberg
4,Justin Baker,zhurst@example.com,2023-11-25,1,East William
5,Anthony Rodriguez,laurahenderson@example.org,2023-08-15,2,Jamesmouth
6,Tricia Valencia,frazierdanny@example.net,2024-10-26,1,Kaylamouth
7,Jeffrey Chavez,teresa28@example.org,2025-08-15,2,Meaganhaven
8,Brittany Farmer,georgetracy@example.org,2023-11-18,1,Natashaport
9,David Bradley,millertodd@example.org,2023-10-14,5,East Donna
10,Carmen Rose,ibrandt@example.net,2024-09-09,2,Lake Larry
11,Marie Kim DDS,wrightcaleb@example.org,2024-09-26,2,New Jeffrey
12,Mark Perez,heathchad@example.org,2024-12-08,1,Elizabethborough
13,Miranda Khan,esanchez@example.com,2024-07-08,1,North Collin
14,Jeff Owens,nuneztracey@example.org,2023-09-06,2,South Jessicaville
15,Connor West,dwhite@example.org,2023-08-21,1,South Lindseyside
16,Matthew Fernandez,novaksara@example.org,2024-01-03,5,South Todd
17,James Brown,ysmith@example.com,2023-10-09,1,Mitchellside
18,Katelyn Lee,tanyariley@example.net,2025-01-13,4,Lake Leeton
19,Kathryn Farrell,brianromero@example.org,2024-01-26,2,New Carlosbury
20,Todd Hudson,harveyrobert@example.net,2024-09-19,1,Sarahborough
21,Emily Baker,emilyevans@example.com,2025-10-26,5,North Stephenshire
22,Angel Lewis MD,nicole35@example.com,2023-12-01,1,South Martha
23,Lisa Archer,contrerasangela@example.net,2025-09-20,2,East Josephville
24,Brittney Campbell,jenniferharris@example.net,2024-06-16,4,Williamview
25,Sarah Davis,ccalderon@example.org,2024-08-20,5,Kellieview
26,Jeremy Thornton,rodriguezsierra@example.net,2025-10-14,4,New Barry
27,Juan Jordan,parkerrachel@example.org,2024-09-07,4,Jasonbury
28,Heather Castro,vdickson@example.org,2024-10-15,3,Port Francisco
29,Cassandra Gutierrez,jillcook@example.com,2023-09-11,4,West Erik
30,Janet Williams,dwalker@example.com,2025-03-23,3,Loribury
31,Matthew Ross,michelle45@example.net,2025-03-22,3,Frazierside
32,Alexander Wiley,gregory40@example.org,2023-10-28,2,Reedmouth
33,William Wilson,jonathanfletcher@example.org,2023-11-02,2,West Ryan
34,Tammie Hanson,cortezkevin@example.com,2023-07-22,3,Nguyenport
35,Cheryl Ortega,lbyrd@example.net,2024-01-20,3,Richardtown
36,Daniel Floyd,steven73@example.net,2024-02-22,4,Leonburgh
37,Diane Beck,clarence34@example.org,2024-01-22,2,East Andrew
38,John Atkinson,gibsonolivia@example.net,2024-05-13,4,Lake Heather
39,David Douglas Jr.,osbornejeffery@example.net,2024-01-28,5,Williamsbury
40,Barbara Anderson,jcontreras@example.net,2023-07-22,2,Stephaniemouth
41,Michelle Wagner,vmerritt@example.com,2025-12-14,3,Greenbury
42,Destiny Strickland,rsims@example.com,2024-03-20,3,Lake Justinview
43,Steven Miller,jessebenson@example.net,2024-07-16,4,North Robert
44,John Brown,xprice@example.net,2023-09-11,2,Port Nicoleshire
45,Aaron Bell,acastaneda@example.net,2024-07-20,4,South Jeffrey
46,Allen Rogers,dramsey@example.org,2024-07-05,2,South Brittanytown
47,Jeffrey Camacho,brentgray@example.org,2024-10-18,4,Murphyfurt
48,Trevor Fisher,ruizkaitlyn@example.org,2023-11-17,2,Jeffreyland
49,Marissa Webster,jamessmith@example.org,2024-06-12,2,East Thomas
50,Travis Marshall,katie29@example.net,2024-02-25,2,Port Loriport
51,Alexander Collins,tsanders@example.org,2023-08-26,1,New Hannahbury
52,Raymond Jefferson,hoganashlee@example.org,2025-11-19,4,Amandastad
53,Matthew Smith,gshort@example.com,2024-02-01,5,Cynthiamouth
54,Jessica Gross,christina87@example.com,2024-10-15,2,Petersenshire
55,Samuel Rivas,ramirezshannon@example.com,2024-05-11,1,Rogersfort
56,Catherine Lewis,matthew94@example.net,2023-08-21,3,New Stacyland
57,Jason Peters,hannahbrewer@example.com,2024-06-28,1,Mcguireland
58,Jared Sanchez,thomas85@example.com,2025-10-19,4,Michaelmouth
59,David Martinez,leslienewton@example.net,2023-09-02,5,East Javier
60,Dr. William Warren,tina34@example.org,2026-01-05,5,Harrytown
61,Beth Williams,tranheidi@example.org,2023-08-01,4,Garciatown
62,Julie Alexander,tammyking@example.com,2024-06-22,4,Port Cameronfort
63,Mark Brown,lisaavery@example.org,2025-12-18,4,North Angela
64,Kyle Montgomery,chayes@example.com,2025-04-13,4,Torreston
65,Natalie Meza,colleenbaker@example.org,2025-04-15,2,East Glenn
66,Aaron Hayes,ocarter@example.com,2023-11-07,2,Jacquelinemouth
67,David Baker,ronaldstephens@example.net,2025-07-04,1,West Margaret
68,Christopher Parker,scott74@example.net,2024-05-27,2,Benderhaven
69,Jessica George,mnavarro@example.com,2024-07-21,4,North Jeremyshire
70,Alicia Hubbard,barbara27@example.net,2025-06-16,2,Moonburgh
71,Jessica Olsen DVM,vbailey@example.com,2025-08-01,3,Port Eugenechester
72,Donna Landry,gibsonleonard@example.com,2024-01-29,4,Port Richardhaven
73,April Booth,mgutierrez@example.net,2024-05-02,2,Cindyfort
74,Olivia Harris,sarakim@example.net,2024-11-12,2,Martinezbury
75,Emily Smith,hdavis@example.com,2024-01-15,2,Lake Marilynfort
76,Dorothy Thornton,edavenport@example.org,2023-11-27,2,Arnoldfurt
77,Kyle Francis,michellehill@example.com,2024-07-13,4,Sarahhaven
78,Aaron Barber,cgrimes@example.net,2025-01-17,4,Reedside
79,Jamie Cantu,tinaallen@example.com,2024-12-23,4,Port Kimberly
80,Patrick Thornton,qhughes@example.net,2023-11-16,2,South Tammie
81,Vincent Rivera,sawyerscott@example.net,2024-04-29,1,Smithberg
82,Matthew Moore,qharrington@example.com,2024-06-08,2,Santosmouth
83,Shannon James,courtney78@example.org,2025-02-27,5,East Crystalport
84,Nicole Hamilton MD,wallaceheather@example.org,2024-06-30,2,West Lauraport
85,Jeffrey Sanchez,yknight@example.org,2023-07-25,5,East Christian
86,Lisa Allen,jesselittle@example.com,2025-08-22,2,Elizabethmouth
87,Megan Moore,llandry@example.com,2024-11-02,1,Vaughnmouth
88,Christina Cruz,yrodriguez@example.net,2023-10-04,1,Baileyport
89,Ronald Foster,knightgina@example.net,2023-12-23,5,New Julieport
90,Crystal Pham,danaoliver@example.net,2024-11-04,2,Lake Colton
91,Amanda Kramer,rileyjessica@example.org,2024-12-15,5,Markchester
92,Carlos Ryan,alyssa42@example.com,2025-11-19,1,Coffeyport
93,Gina Wilson,taylortammy@example.net,2024-02-28,1,Coffeyside
94,Richard Smith,gibsonemily@example.net,2024-01-19,1,Brendastad
95,David Johnson,rose31@example.net,2024-09-17,2,Blankenshipport
96,Audrey Williams,torrestravis@example.org,2023-11-11,2,New Derek
97,Michael Paul,umatthews@example.org,2024-02-05,2,Penafort
98,Teresa Ramirez,jeff73@example.com,2024-04-11,1,Lake Michaelstad
99,Donald Donaldson,ndavis@example.net,2023-12-13,2,North Kristinbury
100,Rachel Harris DVM,brendali@example.org,2024-08-08,2,Kimtown
101,William Huerta,lauren10@example.org,2023-09-14,1,West Kristybury
102,Alexis Baker,judyfox@example.net,2025-10-05,2,South Shanestad
103,Ashley Gordon,acostaregina@example.net,2024-07-21,5,Stephentown
104,John Morales,henryrenee@example.org,2023-08-16,4,West Charleneland
105,Marcus Richards,oscar98@example.com,2024-06-26,1,Wagnerchester
106,Michael Farrell,russellbeasley@example.com,2024-03-11,4,Mariafurt
107,Brandon Simmons,nicholas27@example.org,2024-05-01,5,Port Christopherchester
108,Parker Cain,willisanna@example.com,2024-02-16,4,South Michaelchester
109,Michelle Schmitt,michael98@example.org,2024-02-27,4,Lake Timothy
110,Hayley Hawkins,farmeraudrey@example.com,2024-07-11,1,New Sarahview
111,Donald Farmer,michael22@example.net,2023-07-21,1,Jonestown
112,Joseph Bennett,xpeterson@example.com,2023-07-08,1,Kimberlyshire
113,Sophia Moore,craigjoseph@example.net,2024-10-30,3,Tuckermouth
114,Daniel Hunt,russell49@example.com,2024-12-29,5,Brandonfurt
115,Mrs. Christine Dougherty,kathrynroberts@example.org,2024-07-24,4,South Julieburgh
116,Joseph Hall,charles06@example.org,2025-01-06,2,Morsemouth
117,Laura Mckinney,zroberts@example.org,2023-11-19,1,Georgemouth
118,Tamara Davis,sanchezbrianna@example.net,2023-11-25,2,South Monicamouth
119,Richard Jones,schmidtjames@example.com,2023-10-29,4,Jessicaberg
120,Charles Gonzalez,kathleenrios@example.org,2025-01-06,1,Marshallshire
121,Joann Glass,michelle52@example.com,2023-12-06,1,South Scottport
122,Leslie Bell,collinsshannon@example.org,2024-05-15,2,Marieland
123,Vanessa Davis,jford@example.net,2025-04-06,2,South Reginashire
124,Erica Alvarez,susanhayes@example.com,2025-03-17,5,New Debbieton
125,Jeffrey Gonzales,michaelhardin@example.com,2023-08-19,4,Schroederton
126,Maria Jones,grantpaul@example.com,2024-07-28,2,West Christopher
127,Sydney Collins,tanderson@example.org,2024-03-18,4,Angelicamouth
128,Meagan Calderon,lucasrodney@example.com,2024-09-10,4,West Kyleborough
129,Ralph Lee,ericphillips@example.org,2025-07-24,3,Lake Matthewberg
130,Brittany White,jenniferwilliams@example.com,2026-01-27,3,South Cheryl
131,Rachel Young,kylestokes@example.com,2024-09-07,3,West Erika
132,Jessica Hammond,ashaw@example.org,2023-08-21,4,Port Cassandra
133,Amy Castillo,angela18@example.org,2024-06-23,2,Christopherburgh
134,Taylor Hernandez,odavis@example.com,2025-08-06,2,Sarahchester
135,Jonathan Young,brooksanthony@example.org,2024-06-04,4,Laceyberg
136,Thomas Kennedy,katherineharrison@example.net,2025-02-21,2,North Andrewborough
137,Kimberly Acosta,srodriguez@example.org,2025-04-20,4,Davidbury
138,Riley Bryant,copelandvincent@example.net,2023-08-06,1,Lake Zacharybury
139,Doris Smith,john62@example.net,2024-08-24,2,New Theresaland
140,Kimberly Hartman,myerstheodore@example.net,2023-10-30,3,Zavalaview
141,Heather Jones,jessicafuller@example.net,2024-01-23,3,Dennisstad
142,Robin Thompson,epollard@example.net,2024-04-16,3,Port Dennis
143,Terri Johnson,bradleygonzalez@example.org,2024-03-04,4,Sarahhaven
144,Robert Kennedy,mullinsjames@example.com,2023-10-12,4,Port Dianaview
145,Jacob Preston,ykline@example.com,2024-03-12,4,South Heather
146,Robert Adams,acostachristian@example.net,2024-05-28,5,New Kelly
147,Garrett Phillips,bmorrison@example.org,2024-08-08,2,Bellton
148,Susan Mendez,yhill@example.org,2025-03-24,2,Lake Danastad
149,Nicole Moore,thomascathy@example.com,2024-01-27,1,East Carlosstad
150,Travis Johnson,erikarush@example.com,2024-06-24,3,Hinesshire
151,Jacob Edwards,john10@example.net,2024-02-02,5,South April
152,Autumn Hampton,nlewis@example.com,2023-09-11,2,Gonzalezberg
153,Jodi Roach,zosborn@example.net,2024-01-10,1,Elizabethland
154,Donna Evans,jenniferho@example.net,2024-05-02,4,Port Michael
155,William Conner,kristyjohnson@example.net,2024-05-25,1,Tannerside
156,Stephen Jones,ukey@example.com,2024-02-16,1,Hammondshire
157,William Day,howens@example.com,2025-05-28,1,Port Kimberly
158,Catherine Burch,dshaw@example.org,2024-08-04,5,West Fred
159,Michael Reed,meghan43@example.net,2024-06-14,5,Davidport
160,Anna Davidson,georgeweber@example.net,2023-11-15,4,Meganshire
161,Scott Miller,debra96@example.net,2024-06-10,4,South Pamelaside
162,Tyler Webb,eevans@example.net,2023-08-04,1,East Scottfort
163,Gerald Thomas,jessica56@example.org,2023-09-14,4,Zacharyville
164,John Adams,donaldwilliams@example.com,2025-04-24,4,Wrightburgh
165,Taylor Griffith,kathrynjimenez@example.net,2023-07-17,4,Jimenezport
166,Brandon Long MD,jasongomez@example.org,2024-02-01,2,Troyfort
167,Adam Rodriguez,nicoleluna@example.com,2023-08-29,4,Brandonton
168,Chloe Tran,hughesshannon@example.net,2023-10-13,3,Marciaville
169,Brent Brooks,angela52@example.org,2025-04-18,1,Porterton
170,Micheal Brock,ghernandez@example.org,2024-06-13,2,Sarahmouth
171,William Stevenson,brittney88@example.net,2024-01-24,2,Ericksonport
172,Alan Rivera,whitneybrandy@example.net,2024-02-01,3,New Thomasshire
173,Mikayla Silva,alexandriagriffith@example.com,2024-05-01,3,Port Erin
174,Travis Rodriguez,alexanderrobert@example.com,2024-12-15,3,South Warren
175,Kaitlyn Charles,thorntonapril@example.net,2024-07-25,3,Whitneyfort
176,Emily Thompson,amy49@example.com,2024-02-17,2,East Joshua
177,Todd Hendrix,janet75@example.com,2025-07-18,3,Annview
178,Kenneth Daniels,xcardenas@example.org,2023-11-21,2,Bobbyland
179,Jeremy Scott,ilewis@example.com,2024-01-15,5,Derrickshire
180,Anthony Stein,danawilliams@example.com,2023-07-05,2,Jenniferville
181,Brenda Oconnell,richarddonovan@example.com,2024-02-08,2,Santosport
182,Matthew Velez,pearsonjesse@example.net,2025-05-03,1,East Robertburgh
183,Amanda Huff,vlopez@example.com,2025-03-04,1,North Kennethville
184,Frances Gibson,ismall@example.net,2025-04-21,1,Nelsonville
185,Nicholas Wong,alexisrogers@example.com,2023-07-11,4,East Cheryl
186,Jennifer Patterson,christopher12@example.org,2026-05-03,5,Morrisbury
187,James Griffin,stephanie49@example.net,2024-07-16,5,West Desireebury
188,Bryan Parker,tparks@example.com,2023-07-03,5,Lake Sabrinaport
189,Daniel Bernard,vhernandez@example.net,2024-05-09,4,Robertside
190,Nicole Pham,kathleenbecker@example.net,2025-03-23,4,New Seanstad
191,Justin Brown,ashleyhernandez@example.com,2024-06-13,2,Wilsonborough
192,Katherine Nolan,dstokes@example.org,2025-04-16,1,Bryantton
193,Megan Parker,fosterlisa@example.net,2025-12-16,4,New Charles
194,Michael Weaver,michaelcesar@example.com,2023-10-24,4,West Robertberg
195,Veronica Brewer,ybrooks@example.com,2024-06-09,4,Bennettside
196,Scott Wilson,urice@example.org,2025-01-18,1,Port Andrewport
197,Nathan Coleman,pmorrow@example.com,2024-05-21,5,Ericborough
198,Molly Rodriguez,bmendez@example.org,2024-01-09,3,North Craig
199,Kyle Warner,sanchezbradley@example.com,2024-02-11,2,New Jeff
200,Amy Gordon,jim95@example.net,2024-06-24,3,Joelberg
201,Ms. Jennifer Hill,conniesimmons@example.com,2023-10-25,4,West Shellyfurt
202,Emma Butler,kevinwhite@example.net,2023-08-19,1,Allenbury
203,Michael Shaffer,harttammy@example.net,2023-07-02,1,South John
204,Matthew Nielsen,christopher30@example.com,2024-04-26,3,Nunezton
205,Chelsea Gill,timothybooth@example.com,2025-02-18,1,Susantown
206,Colton Figueroa,srocha@example.net,2025-05-02,4,South Rose
207,Patricia James,kyle58@example.com,2024-03-09,5,Garciafort
208,Erica Harris,robert93@example.net,2026-03-17,1,North Jose
209,Lauren Butler,jameshall@example.net,2024-02-18,5,South Andrea
210,Gail Hines,plevy@example.net,2024-11-29,1,Murraystad
211,Nathan Freeman,warrenmary@example.org,2025-02-03,4,Port Adamberg
212,Crystal Mann,robinsonstephen@example.org,2024-12-30,4,Hopkinstown
213,Juan Smith,amanda40@example.net,2025-03-29,1,Drakeburgh
214,Brent Hernandez,christineking@example.com,2023-11-15,3,Lauraland
215,Jared Cunningham,kevinclayton@example.org,2025-08-01,2,North Richardfurt
216,Amy Smith,christopherbruce@example.net,2024-07-27,4,Arielville
217,Tamara Hall,enelson@example.net,2024-04-10,4,Rachelshire
218,Cassie Jefferson,alibrenda@example.net,2025-07-18,3,Hickmanport
219,David Davenport,irhodes@example.com,2024-06-17,2,Camposberg
220,Melissa Miller,brian63@example.org,2024-07-18,2,Cassiefurt
221,Erin Walters,whenry@example.net,2024-02-26,3,Reynoldsshire
222,Angelica Montgomery,jennifermiller@example.org,2023-08-07,2,Dawsonberg
223,Emily Rodriguez,hahnsean@example.com,2024-06-19,2,East Christopherchester
224,Justin Russell,davisangela@example.net,2024-01-17,4,Michelletown
225,James Miller,ashleyjackson@example.com,2024-10-31,1,East Joseph
226,Charles Jackson,robert71@example.com,2025-06-13,2,Sherylfort
227,Christina Rodriguez,adam65@example.net,2024-12-20,3,Brockmouth
228,Jeffrey Colon,kevinmorrison@example.net,2026-05-08,4,South Leon
229,Tracy Carter,yfaulkner@example.org,2024-11-14,4,Nicholasfurt
230,Timothy Gonzalez,erinpierce@example.net,2023-09-20,1,Hahnborough
231,Eddie Schwartz,ichambers@example.net,2024-11-21,2,Johnberg
232,Rachel Jones,iaguilar@example.net,2025-01-03,1,Stephensstad
233,Robin Wheeler,rodriguezjohn@example.net,2024-06-14,2,Gabrielton
234,Maria Lucas,tammy61@example.org,2024-04-14,3,West Jeffreyhaven
235,Melissa Walker,peter98@example.org,2024-05-18,3,Whitneyfort
236,Jason Nixon,guerrajessica@example.com,2024-05-06,2,Matthewborough
237,Hannah Davis,tflores@example.org,2025-01-23,1,North Melindaville
238,Carly Riggs,zacharyarnold@example.com,2024-08-05,3,Mullenbury
239,Lori Lopez,vfoster@example.net,2024-11-23,3,South Brittany
240,Michael Harris,raylauren@example.net,2025-03-31,5,West Mark
241,Dennis Huffman,candice96@example.net,2024-01-24,2,West Michaelmouth
242,Robin Mccarthy,samantha91@example.net,2024-03-20,2,West David
243,Clayton Steele,ibarnes@example.net,2024-08-19,5,Hendersonfort
244,Melissa Brewer,angelaburns@example.org,2023-09-18,1,West Megan
245,Sharon Crane,ytaylor@example.net,2023-11-28,4,Ortizfort
246,Ryan Burns,cunninghamlaura@example.org,2024-07-31,1,Antoniobury
247,Carol Ellis,hdunn@example.net,2025-08-21,4,West Kimberlystad
248,Nicole Wolf,bpayne@example.org,2023-07-13,3,West Nancy
249,Dennis Atkins,gonzalesvictoria@example.org,2025-01-22,2,Port Joan
250,Shannon Bishop,imartin@example.org,2023-08-08,1,Port Brian
251,Douglas Ryan,tiffany44@example.net,2023-08-28,4,Stephaniehaven
252,Miss Anna Estes,rsellers@example.net,2025-08-06,1,Lake Michelle
253,Michael Poole,kburns@example.net,2023-11-15,1,Courtneyfurt
254,Mark Beard,powellkara@example.net,2023-10-16,4,Shawnfort
255,Aaron Schroeder,simonstephen@example.net,2024-01-17,2,Melissaside
256,Walter Summers,sadams@example.com,2023-11-10,3,New Melissa
257,Stephanie Farmer,garciakristen@example.com,2024-02-18,4,North Sarahburgh
258,Aaron Rubio,wendyblankenship@example.net,2023-10-28,4,Erikview
259,Isaac Miller,brettgarrett@example.net,2024-08-09,1,South Diana
260,April Woods,brittneystone@example.com,2024-03-14,4,North Heatherville
261,Jennifer Anderson MD,zdavis@example.org,2025-08-30,2,West Michaelport
262,Raymond Mullins,darlenebyrd@example.org,2024-05-02,5,New Debramouth
263,Daniel Goodman,cjensen@example.org,2024-07-26,1,North Donaldville
264,Janet Richmond,kylie34@example.net,2025-08-10,2,East Angelaport
265,Melissa Abbott,jamie98@example.org,2024-07-18,1,Phillipston
266,Rebecca Allen,frodriguez@example.net,2023-07-19,2,New Pamelatown
267,Dr. Bonnie Valencia,rdiaz@example.org,2025-02-01,2,Bestland
268,Austin Baker,livingstonstacy@example.com,2023-11-05,1,Courtneyhaven
269,Jessica Morales,joshuacollins@example.net,2024-05-28,5,Port Eric
270,Kevin Hines,collinssamuel@example.org,2024-04-15,3,East Christopherchester
271,Logan Brown,davidzimmerman@example.net,2025-05-17,3,East Tylerstad
272,Rachel Le,nathanbrady@example.com,2023-10-15,2,Port Rachelmouth
273,Denise Brown,crawfordwilliam@example.org,2024-01-02,2,Villarrealburgh
274,David Garcia,perezwilliam@example.org,2024-03-22,4,East Brandonstad
275,Chris Velazquez,tranrobin@example.net,2024-01-28,2,Walkerbury
276,Nathan Nelson,duncandavid@example.net,2024-08-28,2,East Jeffreyhaven
277,Dr. Andrea Marshall,kiara45@example.org,2025-04-13,3,Smithborough
278,Richard Stevenson,stevenvargas@example.com,2023-12-22,4,Lake Rachel
279,Danielle Smith,ijohnson@example.com,2024-06-07,3,West Aaronfurt
280,Monica Garcia,robertwoodward@example.org,2024-05-02,2,Christopherbury
281,Kelly Haynes,stephen19@example.org,2025-01-15,1,Lake Lori
282,Keith Graham,joelgreen@example.com,2024-01-18,1,Haynesmouth
283,Dillon Jones,derekcarrillo@example.org,2025-01-02,2,North Frank
284,Jason Herrera,shannonford@example.org,2025-07-14,3,East Lindseyport
285,Melissa Williams,eddie35@example.com,2025-02-26,5,Lake Kentburgh
286,Jared Chavez,codygarcia@example.org,2025-04-17,4,North Bryanbury
287,Rodney Watson,aguilarjonathan@example.org,2024-03-09,3,North Jamesmouth
288,Anna Boone,david70@example.org,2023-11-27,1,Underwoodfurt
289,James Simmons MD,joshuagriffin@example.org,2024-05-20,3,New Christinebury
290,Kathleen Andrade,rbrown@example.com,2024-01-21,3,South James
291,Kelly Mccoy,mayokimberly@example.com,2025-06-27,3,Stephensfort
292,Keith Morris,hector59@example.org,2024-11-28,4,Port Kimberlyton
293,Kaitlyn Howard,terrigarcia@example.net,2026-03-05,3,West Amanda
294,Nancy Gallagher,barbaramcgrath@example.com,2025-03-05,5,Savannahburgh
295,Kevin Drake,robin05@example.net,2025-10-14,1,New Stacy
296,Rita Waller,gregory01@example.org,2024-03-08,2,New Jeffery
297,April Hardin,lindsaypeterson@example.org,2023-08-18,3,Brianberg
298,Sylvia Schroeder,susan56@example.net,2024-12-14,4,West Kevinberg
299,Morgan Kim,lbanks@example.net,2023-09-08,4,Jeffreyshire
300,Jamie Gross,david09@example.com,2024-09-13,4,East Carriebury
301,Ashley Crawford,julie35@example.com,2025-08-06,3,Lake Nicole
302,Michael Fowler,sean43@example.org,2024-01-19,4,West Jonathanville
303,Amber Kim,acosta@example.com,2024-02-07,1,Bellfurt
304,John Shields,franciscojones@example.org,2025-04-05,2,Andrewview
305,Angela Jackson,emartin@example.net,2025-01-25,2,West Brookefort
306,Jessica Valdez,gmoore@example.com,2025-05-17,1,East Robert
307,Tammy Fernandez,kenneth10@example.com,2026-01-06,4,Hernandezstad
308,Brandon Colon,bgonzalez@example.org,2023-09-03,3,Lake Kelly
309,Ryan Parker,qruiz@example.com,2026-02-17,2,Lake Amyburgh
310,James Lopez,bakersteven@example.org,2023-10-13,2,Anneberg
311,Mary Miller,lindsey69@example.org,2024-05-26,4,Port Paulhaven
312,Joseph Camacho,parmstrong@example.com,2024-11-06,2,Christianton
313,Stephanie Mcbride,davidtodd@example.org,2023-11-04,3,East Lindsey
314,Jay Mcneil,oharris@example.org,2024-03-19,1,Luisland
315,Justin Arnold,april09@example.net,2025-07-19,4,Rodriguezberg
316,Kevin Chang,buckleyanna@example.org,2024-10-21,4,Mikaylastad
317,Deborah Pena,rjohnson@example.com,2024-06-09,4,New Charlotte
318,Amanda Preston,hannah07@example.com,2024-05-15,1,Andrewport
319,Ryan Garrison,comptonjeremy@example.com,2024-03-07,2,Schroedermouth
320,Jason Brewer,scottmcintyre@example.com,2024-11-27,1,Malonestad
321,Kaylee Moore,jenna62@example.net,2023-09-18,2,East Jamesborough
322,Danielle Bryant,janet45@example.com,2023-12-05,4,Reidville
323,Dana Burns,ethompson@example.net,2023-11-25,3,Maxview
324,Melissa Mitchell,kwilliams@example.org,2024-05-12,3,Lake Jeffrey
325,Matthew Palmer,wellsdavid@example.org,2025-04-15,2,East Johnnyport
326,Michelle Hill,dyork@example.com,2025-01-21,2,South Kevin
327,Loretta Silva,hunteileen@example.com,2024-01-31,5,Kennethville
328,Mr. Donald Nguyen,jose43@example.org,2023-10-15,1,North Linda
329,Lindsay Guerrero,jenniferrios@example.com,2025-01-21,1,Rebeccafurt
330,Andrew Erickson,matthewreeves@example.net,2025-04-14,2,Knoxstad
331,Sarah Pittman,kellyruiz@example.net,2025-08-15,4,Jessicaside
332,Catherine Frazier,destiny35@example.org,2024-08-15,5,Robertmouth
333,Kevin Ford,ruizmichelle@example.net,2024-03-01,5,South Pamelahaven
334,Michael Moreno,jbrown@example.org,2023-09-15,2,West Robert
335,Susan Ellis,michelle21@example.com,2023-12-07,3,Crystalburgh
336,Anthony Hayes,kathleenjackson@example.org,2023-10-01,4,Gloverland
337,Jeffrey Jordan,ysanford@example.org,2025-04-26,5,New Jamesstad
338,Stephanie Sherman,andrewsmith@example.net,2023-09-27,3,East Heather
339,Carl Reyes,gary04@example.com,2024-04-27,2,Lunahaven
340,Stephen Cowan,wendy75@example.org,2024-01-30,2,Port Richard
341,Nicholas Anderson,lawrencegary@example.com,2024-11-12,3,South Nancyview
342,Lisa Wheeler,stanleydesiree@example.org,2024-04-16,1,Lake Darrellmouth
343,Joshua Wells,jamiejennings@example.org,2023-08-13,1,Robertville
344,Debra Obrien,robertroach@example.net,2025-12-15,1,West Danielville
345,Mr. Richard Decker DVM,jade42@example.org,2023-08-27,2,Lozanofort
346,Aaron Powers,conleyelizabeth@example.org,2025-03-06,5,Port Williamville
347,Maria Bryant,joseph01@example.org,2025-02-13,4,Port Kellymouth
348,Brian York,smithdevon@example.net,2024-06-02,1,West Michael
349,Marco Johns,watsonmatthew@example.org,2025-11-18,4,Rossmouth
350,James Jefferson,zbanks@example.org,2024-09-10,4,East Heatherton
351,Dr. Ashley Pruitt,rpham@example.com,2024-12-01,3,New Noah
352,Allen Cohen,timothyfreeman@example.com,2026-01-28,5,Williamsview
353,Alexandria Oneill,tiffanysantiago@example.com,2024-09-17,4,South Dorothybury
354,Mr. Martin Hernandez,smithsarah@example.net,2023-07-29,3,Christianburgh
355,John Allen,brent38@example.net,2023-07-25,3,Powellbury
356,Jeremy Berry,gatessergio@example.org,2026-06-02,3,Mcgeetown
357,Jason Hawkins,petersenlatoya@example.net,2024-04-26,2,Pamelaside
358,Michael Clements,marcia37@example.com,2023-09-07,4,Moranstad
359,Ashley Malone,aaronkelly@example.net,2023-10-20,1,Amystad
360,Amber Martin,lydianewton@example.com,2024-03-19,4,West Cherylborough
361,Samuel Lewis,jenniferrodriguez@example.com,2024-12-24,1,Lake Maryshire
362,Steven Ellis,tamarasmith@example.net,2024-04-12,3,New Savannahshire
363,Mr. Thomas Thompson,jessicaanderson@example.com,2024-09-15,3,Williamfurt
364,Lee Schwartz,joshuastuart@example.com,2024-02-08,3,Ballardberg
365,Michael Goodman,megan85@example.net,2024-05-02,5,East Jason
366,Melissa Morse,tinasantos@example.org,2024-06-09,2,Jenniferstad
367,Lauren Bender,icraig@example.com,2024-03-06,3,Stokeshaven
368,James Brown,gonzalezkaren@example.org,2025-03-02,3,Francesberg
369,Melissa Phillips,howardshaun@example.net,2024-10-01,4,Lake Deborah
370,Jorge Robles,heather06@example.com,2024-06-01,2,Fryemouth
371,Amy Manning,christinenorman@example.com,2025-06-10,2,Lake Janet
372,Nicole Payne,kimberlybrandt@example.com,2024-04-17,5,Thompsonland
373,Christopher Palmer,rwilliams@example.net,2023-07-01,1,Davidshire
374,Abigail Owens,billmcfarland@example.net,2024-02-21,5,Port Sarahport
375,Kenneth Howard DDS,alicia28@example.org,2023-08-09,1,South Amy
376,Gregory Ware,mark43@example.net,2023-07-30,1,Barajastown
377,Gregory Allen,susanfleming@example.com,2023-07-21,2,Moonville
378,Joshua Campbell,willie87@example.com,2024-07-20,2,West Rachelborough
379,Bradley Davis,simsjason@example.net,2024-03-02,1,Port Gina
380,Christine Poole,elucas@example.net,2024-01-19,3,North Stephen
381,Brandon Brown,angela93@example.com,2024-12-10,1,Hughesfurt
382,Alan Nunez,maychristine@example.net,2024-04-21,2,Lake Melaniestad
383,Ashley Buchanan,catherine47@example.com,2025-05-05,4,Shorttown
384,Joseph Taylor,irobles@example.com,2024-07-28,2,West Erica
385,Rebecca Daniel,susan08@example.net,2025-08-06,1,North Bobby
386,Jennifer Kelley,torreskaitlin@example.net,2023-08-31,2,Jasonhaven
387,Clinton Jensen,james29@example.org,2023-09-09,5,Newmanland
388,Austin Garcia,wlynn@example.org,2025-02-22,2,North Justin
389,Corey Tucker,christina49@example.org,2024-07-27,5,Lindseychester
390,Erik Floyd,xhill@example.org,2025-06-22,3,Nataliemouth
391,Raymond Tucker,thompsoncatherine@example.com,2025-07-25,5,New James
392,Lori Luna,atkinsoncrystal@example.net,2024-12-22,1,Hammondborough
393,Kristen Stephens,jvaldez@example.com,2024-03-04,4,Walkershire
394,Donna Marshall,sanderswayne@example.net,2023-11-12,4,Port Tamara
395,Miss Nicole Taylor,haroldfry@example.net,2023-09-06,1,Lake Jessica
396,Amanda Juarez,bryanwood@example.org,2024-02-21,1,New Rebecca
397,John Gibson,williamsdeborah@example.org,2025-11-15,4,Maryview
398,Laura Bennett,pdiaz@example.org,2025-02-26,3,Nicholasbury
399,Heather Parrish,msparks@example.org,2023-11-03,2,South Gabriel
400,Mason Lewis,ericguzman@example.org,2024-08-04,3,South Lisa
401,Karen Mendoza,brittanyholland@example.com,2023-12-01,2,East Bradleyshire
402,Brandy Hunt,brianscott@example.org,2024-05-09,5,Greeneshire
403,Sherry Luna,stacey37@example.net,2025-07-14,2,Dillonburgh
404,Jason Thomas,cindydixon@example.org,2024-08-26,4,Sandrashire
405,James Anderson,harrismichele@example.net,2023-07-20,5,Serranoville
406,Steven Greene,davisdonna@example.net,2025-05-16,2,Port Erikachester
407,Jacqueline Williams,zperez@example.com,2024-02-26,2,Bellshire
408,Cesar Woods,reneemiller@example.net,2024-04-28,1,Scotttown
409,Rachel Lane,meyernicholas@example.org,2025-05-05,1,Robertville
410,Matthew King,ncunningham@example.com,2024-01-15,5,Fischerchester
411,Kristin White,tking@example.net,2024-12-13,2,Kimfurt
412,Sarah Hopkins,seanlyons@example.org,2023-11-26,1,East Williammouth
413,Lisa Cohen,martintamara@example.org,2024-11-02,1,Port Dustinchester
414,Dennis Wood,ramseysarah@example.com,2024-06-11,5,Jenniferton
415,Samantha Bowman,qsmith@example.net,2023-08-31,5,Jameshaven
416,Crystal Jackson,warddiana@example.org,2026-03-20,1,West Kimberlystad
417,Jennifer Gonzalez,mclaughlincasey@example.org,2025-06-20,2,Jessicaside
418,Hannah Richmond,jeremy37@example.com,2025-07-30,3,West Gregoryhaven
419,Benjamin Phillips,prattsue@example.net,2024-10-01,3,Heatherfurt
420,Patricia Todd,lmaldonado@example.org,2025-05-22,4,Wilsonland
421,Richard Robinson,laurengutierrez@example.com,2024-06-02,4,Lake Marilynbury
422,James Goodman,charles27@example.com,2023-11-21,1,Jefferyshire
423,Travis Vega,victorgonzalez@example.net,2023-09-30,2,Port Joseph
424,Ruben Huff,eric11@example.org,2023-11-17,5,Austinside
425,Sarah Watson,travis94@example.com,2023-08-29,4,Port Sabrina
426,Daniel Ray,foxrodney@example.net,2023-10-18,5,New Michaelburgh
427,Bryan Holmes,hannah03@example.com,2025-11-26,2,West Michaelview
428,Dennis Adams,michael76@example.org,2025-06-14,1,Haynesstad
429,James Hayes,tiffanyparks@example.org,2025-03-22,2,Lindaside
430,James Thomas,thomassmith@example.com,2025-08-03,1,Taylorhaven
431,Emily Tucker,anna90@example.com,2024-06-30,4,Lake Frankborough
432,Karen Soto,qgarner@example.com,2023-11-30,1,Annview
433,Jason Bell,barbarasantos@example.net,2023-08-17,2,Port Justin
434,Jordan Hampton,ypreston@example.net,2024-07-03,1,Stevenberg
435,Margaret Mcfarland,kwelch@example.com,2024-02-16,1,North Fernandobury
436,Matthew Page,cnelson@example.com,2025-03-20,1,Gutierrezburgh
437,Beth Young,shelby13@example.org,2023-12-16,1,Garcialand
438,Kara Brown,fwarren@example.org,2024-03-26,4,Christineland
439,Stacey Parker,joanramos@example.org,2024-02-27,1,New Mary
440,Matthew Dalton,michelle78@example.com,2025-01-02,4,Taylorside
441,Kyle Welch,omills@example.net,2023-10-08,4,Reginafort
442,Regina Ramos,robert24@example.org,2025-10-21,1,New Lisaberg
443,John Smith,earroyo@example.com,2025-01-21,4,Port Russellport
444,Rebecca Kelley,robertcastro@example.com,2024-04-26,1,East Jennifer
445,Sandra Walker,hendersonjohn@example.net,2023-08-11,4,Justinside
446,Jennifer Castaneda,derrickrodriguez@example.com,2026-03-13,3,Nelsonfort
447,Alec Williams,lopezcurtis@example.com,2024-04-05,3,Lake Samuel
448,Brandon Smith,matthewcollins@example.com,2024-08-01,2,Steventon
449,Ryan Lynn,adamsphilip@example.net,2023-08-06,4,Whiteview
450,Sandra Martinez,paulproctor@example.org,2024-02-13,4,East Stevenville
451,Vickie Kennedy,sharon20@example.net,2023-11-26,1,West Timothyport
452,Stephen Boyer,teresayoung@example.com,2023-09-29,2,Alexisview
453,Jennifer Sanchez,perkinshannah@example.net,2025-10-14,1,West Kelli
454,Jonathan Parks,sarah00@example.com,2025-05-07,3,Lake Amanda
455,John Stewart,linda73@example.org,2025-03-30,2,Howardberg
456,Andrew Mann,amy73@example.net,2025-04-17,4,New Michael
457,Denise Guerra,caseymoore@example.com,2023-11-12,1,Ambermouth
458,Mark Gray,nicoleharvey@example.com,2025-05-28,5,West Jennifer
459,Kimberly Hughes,jcannon@example.net,2023-07-18,4,Marcusmouth
460,Joseph Jones,gregoryjohnson@example.org,2025-08-04,4,Leeton
461,Sara Barrett,brandon39@example.net,2025-12-05,4,North Sarahborough
462,Tanya Collier,dowen@example.com,2024-04-03,2,Shortton
463,Deborah Williams,davenportchristian@example.org,2024-01-09,4,North Jessicaside
464,Corey Sandoval,angelagrant@example.net,2024-12-24,1,Port Daniellestad
465,Michele Simmons,jacksonhenry@example.com,2025-05-28,4,Dianeside
466,Mrs. Heather Edwards DVM,megan66@example.net,2024-07-05,2,Charleneshire
467,Jaime Pierce,michael77@example.com,2024-06-19,1,Lake Austinport
468,Kelly Holder,adam33@example.com,2023-10-26,1,Port Lynnview
469,Kayla Duncan,clintonstevens@example.org,2023-09-26,2,West Michael
470,Crystal Shepherd,duncanashley@example.org,2024-06-09,1,Lake Markfort
471,Roger Norris,larsonkevin@example.net,2025-02-21,2,Millerton
472,Felicia Hobbs,hbutler@example.org,2025-08-08,5,Lake Kimberlyfurt
473,Joseph Flores,markwolfe@example.org,2023-10-15,2,Lake Jessicafurt
474,Nicole Johnston,walkerkeith@example.com,2023-07-01,3,East Matthew
475,Patrick Kelley,christopher86@example.net,2024-08-12,2,Port Dennis
476,Katherine Pearson,annshea@example.net,2024-07-02,2,East Charles
477,Erica Glass,rodriguezrobert@example.com,2023-09-30,3,Jamesstad
478,Allison Torres,christina79@example.org,2024-01-12,3,Williamsbury
479,James Todd,rodriguezbrian@example.net,2024-03-27,5,Port Marissa
480,Greg Brock,shannon05@example.org,2023-09-24,2,East Amy
481,Kimberly Dean,heatherbarnett@example.com,2024-10-19,2,West Georgeport
482,Michael Nelson,apena@example.org,2026-01-06,4,Guerrerostad
483,Alicia Dillon,yhall@example.net,2024-09-26,4,West Toddside
484,Cristian Rasmussen,williamssandra@example.com,2025-11-03,5,Tracyburgh
485,Michael Kelly,joel84@example.org,2024-12-02,4,Natashatown
486,Tiffany Perez,penny21@example.net,2023-09-22,1,Meyerbury
487,Kenneth Simmons,renee57@example.net,2024-07-12,1,East Denise
488,Melinda Harris,kylethornton@example.net,2024-05-03,1,South Wendy
489,Brianna Fitzpatrick,lonniegrant@example.net,2024-01-26,4,East Lonnieberg
490,Pamela Beard,tali@example.com,2025-10-07,1,Edwinborough
491,Cody Farmer,catherine93@example.net,2024-06-12,5,East Grace
492,Michael Woods,xjoseph@example.org,2023-08-16,4,Henryberg
493,Darrell Ortiz,schaeferstephanie@example.org,2024-02-03,2,Port James
494,Troy Gonzales,dwatts@example.org,2026-01-16,1,Sullivanton
495,Samantha Cortez,vcarr@example.net,2024-10-31,4,New Danielmouth
496,Amanda Forbes,cterrell@example.net,2023-07-23,3,Blackton
497,Jeffrey Wilkerson,steven64@example.net,2025-10-31,1,Lake Zacharyberg
498,Matthew Davis,whitebrenda@example.net,2025-07-12,3,South Robert
499,Christopher Garza,nicoledavis@example.com,2024-08-20,3,Lake Jessica
500,Michael Walters,millspatrick@example.net,2023-12-26,5,South Andrea
501,Christopher Rogers,fernandothomas@example.net,2025-10-21,3,South Kylemouth
502,Christopher Roach,adamcannon@example.org,2025-02-05,3,Jimenezfort
503,Abigail Andrade,jaykeller@example.com,2024-05-04,3,Ramostown
504,Joshua Harvey,brandonhernandez@example.net,2024-06-27,3,Benjaminton
505,Sara Evans,williamsrobert@example.org,2025-02-05,2,Lake Justin
506,Melissa Armstrong,tammycurry@example.com,2023-07-23,1,North Kaylamouth
507,James Jones,ebridges@example.com,2024-03-31,4,Taylorview
508,Jason Clark,cherylrodriguez@example.net,2024-07-31,3,South Jenniferport
509,Ryan Green,sara99@example.com,2024-04-30,3,Vasquezburgh
510,Crystal Roberts,aaronjohnson@example.net,2024-01-15,2,Lake Melaniechester
511,Gene Castro,alexharris@example.com,2024-12-23,4,Kristyport
512,Joshua Wang,jenningsmatthew@example.net,2024-03-27,1,Port Gregorymouth
513,Tammy Mendoza,probles@example.org,2023-10-01,1,Mooremouth
514,Kimberly Rogers,dreilly@example.net,2024-09-23,2,Annettemouth
515,Alicia Ray,lauren51@example.org,2024-06-19,2,Marymouth
516,Miss Sarah Duncan,hlopez@example.com,2023-08-15,2,Jenniferview
517,Jonathan Young,tgallegos@example.org,2023-11-06,2,Gregorystad
518,Paula Gentry,zhunter@example.com,2023-10-26,4,East Matthew
519,Dr. Eric Murphy,shortsharon@example.net,2023-10-08,5,East Jenny
520,Miguel Boyd,collinsbradley@example.net,2024-03-15,4,West Steventon
521,Ralph Reese,lanelarry@example.org,2024-08-31,4,Jamesport
522,Francis Alexander,nelsoneric@example.org,2025-01-18,2,New Anitaville
523,Gregory Flores,sherrybrock@example.net,2024-06-20,2,East Charles
524,Gina Wallace,anthonyberger@example.org,2024-07-27,1,South Brianchester
525,Michael Vance,tjensen@example.com,2024-02-29,3,Lake Katherine
526,Angela Livingston,fbradley@example.net,2024-08-04,4,Davisport
527,Michelle Marshall,staceythomas@example.net,2024-09-24,5,Robertafurt
528,Thomas Rivera,shawn01@example.com,2023-12-16,2,West Timothyburgh
529,Gregory Andrews,sullivanjennifer@example.org,2024-02-21,2,Angelaland
530,Kim Morales,pallen@example.net,2025-04-12,2,South Patrick
531,Robert Garza,vbradley@example.net,2025-01-27,2,East Elaine
532,Timothy Andrews,mwilson@example.com,2024-08-08,3,Angelamouth
533,Tyler Jones,jenningscandace@example.com,2024-02-13,2,Troyton
534,Robert Clay,shermandonna@example.com,2024-03-13,1,Petershire
535,Daniel Rich,ashley46@example.net,2024-03-30,1,Veronicashire
536,William Powell,melissabrown@example.net,2024-03-07,3,North Jacquelinestad
537,Douglas Johnson,zpark@example.net,2024-07-19,3,Jenniferfurt
538,Joshua Bates,jtaylor@example.com,2023-08-23,3,Maryberg
539,Shane Martinez,jonesalfred@example.net,2024-01-03,2,Barrettberg
540,Martin Perry,senglish@example.net,2025-05-13,1,Hansonmouth
541,Kristen Cole,jeremiah69@example.org,2024-07-27,3,Bradfordbury
542,Debra House,arthur09@example.com,2024-03-01,2,Danielfort
543,Angela Cross,steven18@example.net,2023-11-15,5,East Thomasland
544,Kimberly Riley,bergeramanda@example.org,2024-04-03,2,Gibsonfort
545,Erin Gomez,keith09@example.net,2024-04-08,3,Jessicashire
546,Mark Lane,douglaskelly@example.net,2023-09-21,2,West Toddberg
547,Sarah Ramirez,christinahill@example.com,2024-07-27,5,Lake Danielburgh
548,Nancy Hopkins,lindsey43@example.com,2023-11-26,2,Port Alison
549,William Coffey,marymullins@example.com,2024-02-18,3,Youngmouth
550,Carol Lane,brian41@example.org,2024-02-02,3,South Raymond
551,Paul Goodwin,noahthornton@example.com,2025-02-03,4,Dustinchester
552,Timothy Cole,suzanne01@example.net,2024-04-06,4,Stephaniechester
553,Marissa Nelson,joseph14@example.net,2024-07-02,3,Murraybury
554,Leah Lee,erica25@example.net,2023-07-19,5,Lake Alanland
555,Brent Garcia,ubell@example.com,2023-09-08,2,Jamestown
556,Amy Wheeler,stephanielittle@example.net,2023-07-29,3,North Melissaberg
557,Phillip Wong,pauladominguez@example.com,2023-11-08,1,Stevenland
558,Tammy Hill,qschwartz@example.com,2023-08-19,1,Fernandoland
559,Antonio Price,scottlisa@example.org,2024-07-24,4,Jonesborough
560,Cassandra Vasquez,amberreynolds@example.net,2024-03-01,2,South Jenniferville
561,Benjamin Luna,fsmith@example.org,2024-10-24,1,North Elizabethview
562,Gary Myers,robertsonshelby@example.com,2024-01-11,5,Grahamland
563,April Finley,imartinez@example.com,2024-07-20,2,Evelynfurt
564,Zachary Holland,amanda51@example.com,2024-06-02,2,Deborahburgh
565,Tracy Guerrero,heather15@example.com,2024-06-11,1,Lake Samuelborough
566,Corey Cortez,tracybrown@example.net,2023-09-14,1,Victormouth
567,Alexis Morgan,kristin06@example.org,2025-10-04,4,Port Desiree
568,Teresa Berg,joycehall@example.org,2023-10-01,1,Lake Donaldtown
569,Thomas Williams,alexischen@example.com,2024-12-08,1,South Cherylshire
570,Robert Wilson,bryanharris@example.com,2023-11-14,5,Nguyenshire
571,Erica Oconnell,kathrynwatkins@example.com,2023-11-28,3,North Joshuachester
572,Jacob Martin,sarawilliams@example.org,2026-01-20,2,Stricklandtown
573,Angela Smith,mannbrittney@example.com,2023-07-10,2,Steelefort
574,Christine Bowman,ljenkins@example.net,2025-04-05,4,New Hectorfort
575,Anita Serrano,michael08@example.org,2025-01-19,1,North Valerie
576,Lisa Huffman,stevensims@example.org,2025-02-19,5,Brianville
577,Melinda Schmitt,kjimenez@example.net,2024-08-06,5,North Deannaport
578,David Jensen,vwilliams@example.org,2025-03-31,3,East Kristen
579,Mr. Steven Griffith,robert53@example.org,2024-07-17,2,Jeremybury
580,Sheila Bennett,charlesrichards@example.org,2023-09-29,3,Thomasmouth
581,James Ellis,crystalcantrell@example.org,2024-01-07,4,Davidshire
582,Chad York,wbarnes@example.com,2026-04-01,4,West Cassandra
583,Margaret Carr,belindatran@example.org,2023-08-20,2,South Melodyfort
584,Cindy Wells,uramirez@example.com,2023-08-31,3,East Mark
585,Stephanie Vargas,robinvillanueva@example.com,2025-01-15,5,North Vickiehaven
586,Joseph Mendoza,chavezjohn@example.net,2024-03-31,5,Lake Jessicaborough
587,Edward Holland,smithelizabeth@example.org,2025-06-12,2,Hodgeshire
588,Jesse Ingram,xlopez@example.net,2025-05-29,2,Padillatown
589,Andrea Barry,alyssa46@example.com,2023-12-24,3,Port Gail
590,Gabriela Randolph,pamela16@example.com,2024-01-14,3,Harveystad
591,Matthew Bush,devonrogers@example.net,2024-08-15,3,Lake Timothyshire
592,Michele Mullins,lukehurst@example.net,2024-02-19,3,Ramirezland
593,Jesse Mason,harrisonamanda@example.net,2024-08-03,3,Shannonstad
594,Theresa Lamb,lopeznicole@example.org,2024-04-04,1,South Rachaelport
595,Angela Martin,terrytyler@example.org,2024-07-26,1,West Robertside
596,Kara Fisher,carterbryan@example.org,2024-09-13,4,Robertmouth
597,Rachel Tucker,kellis@example.org,2024-05-17,3,Georgeview
598,Jacob Roberts,hernandezjustin@example.org,2025-10-31,4,Lake Amanda
599,Christopher Erickson,evanwilson@example.com,2025-08-13,4,South Jorge
600,Justin Johnson,tiffany25@example.com,2023-08-31,1,New Kevin
601,Jennifer Porter,staciereilly@example.org,2024-06-06,2,Lake Amyhaven
602,Michael Wells,tara92@example.net,2024-04-28,2,Morganville
603,Stephanie Taylor,parkerrichard@example.org,2024-06-24,4,Howardmouth
604,Martin Silva,kimberlywang@example.org,2024-11-22,3,North Amandamouth
605,Tina Daugherty,ulee@example.net,2025-03-25,2,Lake Michaelberg
606,Jessica Hughes,mitchellmichael@example.com,2025-07-13,1,East Jessicamouth
607,Jennifer Ramos,lindawaller@example.com,2025-11-08,3,Taylorshire
608,Briana Turner,carl96@example.org,2024-02-18,1,South Danielleview
609,Justin Page,jamescollier@example.com,2024-04-30,1,Williamsport
610,Elizabeth Hansen,ywalker@example.org,2023-10-04,3,West Kevin
611,Mallory Martinez,robert73@example.org,2024-06-03,3,Port Joshualand
612,Heidi Castillo,ooneill@example.net,2025-09-12,3,Mccannville
613,Nicholas Smith,francisco02@example.com,2024-07-21,1,Johnsberg
614,Anthony Ward,brandon48@example.net,2024-11-25,2,New Jamesburgh
615,Linda Jackson,monique44@example.net,2026-01-13,4,Codyshire
616,Charles Taylor,nathan76@example.com,2024-06-03,1,North Jeffery
617,Sandra Pope,butlersabrina@example.org,2025-05-15,4,North Timothy
618,Jack Montoya,gerald40@example.net,2023-10-15,2,East Davidberg
619,Elizabeth Clark,colemankathryn@example.org,2025-02-17,1,North Kimchester
620,Brian Mcguire,harrisonrebekah@example.org,2025-08-19,2,West Elizabethville
621,Tamara Harris,jackbell@example.org,2023-08-18,4,Port Julie
622,Kevin Bell,williamjones@example.net,2024-02-14,3,New Jayborough
623,Carolyn Webster,beltrancorey@example.org,2023-09-02,1,Richardsonshire
624,Michael Rodriguez,tina63@example.net,2024-09-09,2,South Daniel
625,Mrs. Ashley Taylor,janet80@example.org,2024-07-31,4,Tristanfurt
626,Kyle Collins,aperez@example.com,2024-09-17,1,Lopezland
627,Rebekah Crosby,harry71@example.com,2024-02-05,5,Millsland
628,James Neal,figueroapatricia@example.org,2025-01-20,3,West Theresamouth
629,Ryan Powell,maryhardy@example.com,2023-11-28,2,Katelynfurt
630,Melvin Clements,jdixon@example.com,2024-12-10,4,North Johnfort
631,Tommy Johnson,greertyrone@example.org,2024-10-10,4,South Cassandra
632,Eric Hanson,guerreroapril@example.com,2025-01-17,1,Harrisfort
633,Dennis Cooper PhD,cisnerosanthony@example.com,2024-03-20,1,South Shannonfurt
634,Andrew Thompson,nicole27@example.com,2023-11-15,4,West Jennifer
635,Mr. Michael Keller,kalvarez@example.net,2024-04-26,3,South Joseshire
636,Lisa Gomez,luke09@example.org,2023-10-11,2,Port Michael
637,Lauren Hubbard,oscar65@example.com,2023-11-12,1,Bellbury
638,Matthew Watkins,meltondanny@example.org,2024-09-09,2,New Markmouth
639,Jenny Robertson,sadams@example.com,2024-09-03,1,West Nicholasfurt
640,Brent Freeman,matthewshaw@example.net,2023-09-19,2,Garrettport
641,Jeffrey Crawford,pittmanamanda@example.com,2024-08-03,3,Brandonshire
642,Darrell Newton,robbinsbelinda@example.net,2024-04-03,2,Joshuashire
643,Karen Clark,pearsonkevin@example.com,2024-12-02,1,Alvaradomouth
644,James Weber,jpowers@example.org,2024-01-23,4,Lake Jacquelineburgh
645,Christy Hayden,oadams@example.net,2024-08-09,2,Michaelton
646,Helen Hernandez,juliecannon@example.com,2025-07-28,4,Floresland
647,Sarah Adams,debbie49@example.org,2023-12-04,3,Allenberg
648,David Wilcox,bwashington@example.com,2024-08-02,2,East Erikberg
649,Richard Ramirez,dawnwilliams@example.net,2024-02-09,2,Caseyton
650,Angela Guzman,lesterrichard@example.com,2024-08-21,2,South Sherryberg
651,Kenneth Mason,boydmaria@example.net,2025-04-07,3,Tylerland
652,Bryan Roman,marisa63@example.com,2023-08-08,3,East Daniel
653,Donald Ortiz,henrynicholas@example.org,2023-12-08,3,Amyfort
654,Tracey Suarez,michaelbaldwin@example.com,2024-10-18,2,Lake Tammyton
655,Mary Everett,johnnycruz@example.net,2024-04-14,1,Rebeccaville
656,Cynthia Ramos,browningphillip@example.com,2023-07-30,2,Christopherbury
657,Scott Martin,zwelch@example.net,2024-02-07,5,Mccormickview
658,Samantha Shepard,vmclaughlin@example.net,2024-04-06,2,Mcdowellville
659,Melissa Hunter,robert85@example.com,2024-07-20,1,Port Brettburgh
660,Rachel Taylor,tgonzalez@example.com,2025-11-27,3,North Erichaven
661,Patricia Banks,melaniejennings@example.com,2025-01-03,1,Mendozaberg
662,Michael Serrano,james65@example.org,2024-03-10,2,Waltershire
663,Travis Leblanc,rebeccamccann@example.org,2025-03-24,1,Jacquelineburgh
664,Luke Burke,christopherrichardson@example.net,2023-12-27,5,North Jenniferchester
665,Tanya Wilcox,twilson@example.org,2024-04-27,2,Port Lisa
666,Paul Reyes,mgates@example.org,2023-09-06,5,Jessicaborough
667,Jason Thomas,theresa39@example.com,2023-07-12,4,West Brandi
668,Angelica Harrison,terri63@example.net,2025-01-19,2,Ericksonview
669,Justin Williams,thomasgomez@example.net,2024-10-10,1,North Jonfurt
670,James Wood,carpenterjorge@example.net,2023-11-29,4,Conradmouth
671,Evan Moreno,jorgeedwards@example.org,2025-05-23,3,Savageview
672,Tammy Campbell,chloe48@example.com,2024-05-22,1,Staffordmouth
673,Katherine Dodson,jbrown@example.org,2023-08-05,1,East Barry
674,Michael Graham,wwilliams@example.net,2023-11-10,2,Ellisville
675,Sharon Martinez,harrisjustin@example.org,2024-02-19,2,Annashire
676,Zachary Smith,robertjones@example.com,2023-11-17,2,West Anthonyville
677,Kevin Bean,eric17@example.net,2025-03-29,2,Gibsonview
678,Abigail Booker,unguyen@example.net,2025-10-10,4,East Michelle
679,Diane Yates,paynecarrie@example.org,2023-10-01,4,Scottbury
680,Sharon Davis,frankchan@example.com,2024-07-15,3,North Kenneth
681,Nancy Dorsey,michaeldavis@example.com,2024-02-26,2,South Sean
682,Derrick Burke,avilalisa@example.net,2024-03-01,3,South Crystal
683,Jose Mcpherson,deborahreeves@example.com,2024-08-31,3,West Taylorland
684,Karen Hernandez,gabrielleevans@example.org,2024-06-11,4,Phillipston
685,Sylvia Palmer,dgutierrez@example.net,2023-09-19,1,Michaelshire
686,Jonathan Wilson,lwhite@example.com,2025-03-20,2,North Robertport
687,Nathaniel Todd,qhanson@example.com,2023-07-13,1,East Jacob
688,Lindsey Savage,hamiltonandrew@example.com,2023-11-08,5,North Georgefort
689,Jared Sandoval,nturner@example.com,2024-07-14,5,Ballardland
690,Adrian Rodriguez,hortonjacob@example.org,2024-07-16,2,South Deborah
691,Jessica Garrett,christophercarrillo@example.org,2024-01-04,3,Hendersonville
692,Christian Park,cruiz@example.net,2023-09-18,5,East Kenneth
693,Jenna Cook,mccoyjennifer@example.com,2025-04-03,2,Mclaughlinside
694,Mrs. Jennifer Palmer DDS,dhall@example.net,2025-11-04,4,South Barbaraside
695,Steven Butler,nwilson@example.net,2024-10-05,1,Shanechester
696,Dwayne Lee,samuel83@example.net,2024-04-30,2,Sandramouth
697,Edward Dawson,rwhitaker@example.net,2023-11-13,1,Lauraburgh
698,Diane Curry,manderson@example.org,2025-01-28,1,Garciachester
699,Katherine Young,kiddmichael@example.com,2024-08-01,5,Ericaburgh
700,Stephanie Johnson,morgandaniel@example.org,2025-06-09,2,New Jeffreyview
701,Rachel Hammond PhD,paula89@example.net,2025-05-03,1,Lake Brentmouth
702,Tonya Campos,harringtonchelsea@example.org,2023-07-10,3,New Danielville
703,Susan Moore,jean87@example.net,2024-02-08,2,East Deborahmouth
704,Barbara Harris,ahammond@example.org,2024-07-07,1,Petersonhaven
705,Derek Espinoza,qward@example.org,2023-10-31,2,Port Karen
706,Darren Pham,dhardin@example.net,2025-01-03,3,Sherrymouth
707,Adam Drake,millerleroy@example.org,2023-12-25,2,Brownton
708,Margaret Orr,levinetina@example.net,2023-10-06,1,Robertside
709,Mikayla Edwards,alan48@example.net,2025-02-04,2,Lake Richard
710,Stacy Weber,zterry@example.net,2023-10-11,4,Roweport
711,Joshua Price,abigailfernandez@example.org,2024-08-22,3,New Andreahaven
712,Mark Johnson,john46@example.net,2023-11-11,2,Lake Brianstad
713,Jordan Martinez,westashley@example.org,2023-11-06,1,Morganbury
714,Virginia Cunningham,michaelmitchell@example.net,2024-09-25,4,Lake Nicholas
715,Ashley Black,mackenzieward@example.org,2024-12-02,4,Lake Ronald
716,Brandon Coleman,thomasgriffin@example.com,2024-03-07,3,Chapmanhaven
717,Shelby Silva,sbarajas@example.com,2024-02-01,3,Colonberg
718,Kari Ellis,bensonstanley@example.org,2024-05-02,1,New Mike
719,Lindsay Ortiz,woodkeith@example.net,2024-02-23,5,North Nathan
720,Elizabeth Tucker PhD,kristenfisher@example.com,2023-11-23,1,Jasonfort
721,Joshua Jones,butlerashley@example.net,2024-03-17,4,Mcculloughfurt
722,Nathan Obrien,williammurray@example.com,2024-07-22,4,Hernandezmouth
723,Mario Hanson,zhall@example.com,2023-10-18,3,Lake Pamelaview
724,Sharon Mann,ann18@example.org,2024-01-11,4,New Amber
725,Tina Boyd,bshaw@example.org,2024-09-01,1,North Joshua
726,Ronald Combs,imiller@example.net,2023-08-05,1,Richardton
727,Timothy Morgan Jr.,heathlogan@example.com,2024-02-12,2,North Tinaside
728,Charles Scott,moorestephanie@example.net,2024-09-16,2,North Christina
729,Alexander Brown,jgarcia@example.com,2023-12-04,1,Jonathanville
730,David Harper,trevorgoodwin@example.com,2023-09-11,4,West Brucemouth
731,Ana Johnson,robinsmith@example.net,2023-11-20,3,East Kathrynberg
732,Jason Miller,kristathomas@example.net,2025-03-10,3,Port John
733,Tonya Peters,smithsteven@example.net,2025-05-15,2,Deniseburgh
734,Timothy Olson,mary65@example.net,2025-11-12,1,New Mary
735,Christopher Ferguson,turnerrandall@example.org,2023-08-27,3,Lake Angela
736,Jeffrey Bishop,nicole54@example.net,2025-10-11,4,Nelsonmouth
737,Joe Greene,sloandennis@example.org,2023-08-12,2,Smithtown
738,Jennifer Woodard,ifarmer@example.org,2025-09-13,2,New Anthonymouth
739,Heather Hess,paul01@example.com,2025-02-02,4,Sharonmouth
740,Patrick Chang,james94@example.net,2024-05-13,2,East Tina
741,Amanda Vasquez,adrianjoyce@example.net,2024-04-09,2,Rodriguezview
742,Kathleen Arnold,cameronanderson@example.org,2025-06-30,2,West Sarah
743,Sierra Daniel,james08@example.net,2025-06-19,1,Erinmouth
744,Jeffery Nunez,nashmarcus@example.com,2026-03-03,2,Davidhaven
745,Isaiah Blake,brandonhull@example.net,2023-07-27,1,Stewartfurt
746,Brad Armstrong,mooneyjeremiah@example.net,2024-12-25,3,Rosariobury
747,Gary Brown,johnsonryan@example.org,2025-02-27,1,Marybury
748,David Peterson,underwoodapril@example.org,2023-07-20,2,Port Carolmouth
749,Lori Riley,villegassabrina@example.com,2024-02-24,2,Pamelaland
750,Amy Lang,turnerconnie@example.org,2026-03-21,5,Lake Brianton
751,James Davis,mhall@example.net,2025-10-10,4,South Patrickchester
752,Lisa Morgan,gibsonmark@example.org,2024-02-01,2,North Alexanderland
753,Sara Strong,danascott@example.com,2024-06-25,4,Hardymouth
754,Chad Williams,larrygraham@example.net,2023-08-08,2,Larryside
755,Brittany Parker,kelly08@example.net,2023-08-16,2,North John
756,Kristin Brown,james33@example.org,2025-07-16,4,Jaimefort
757,Vicki Greene,melissa95@example.net,2023-11-10,5,Robertburgh
758,Shawn Lozano,arobinson@example.net,2024-10-06,1,Lake Jerry
759,Cynthia Navarro,lindsay63@example.com,2023-11-28,2,Port Veronica
760,Benjamin Johnson,thomasscott@example.net,2023-08-08,5,Bradleytown
761,Duane Robinson,jennifer58@example.org,2024-04-30,5,East Andrew
762,Susan Smith,nicholascobb@example.org,2024-01-10,1,Sharonport
763,Jacob Watson,shelleyrowland@example.net,2024-04-27,1,Johnsland
764,Stephen Anderson,jamesgray@example.com,2024-05-05,5,Carolbury
765,Pamela Matthews,kristine53@example.org,2024-06-01,3,Moniquehaven
766,Stacey Clark,muellerkrystal@example.net,2023-09-28,1,East Williamhaven
767,Joseph White,alicia77@example.com,2023-09-01,3,Biancashire
768,Christine Jacobson,zroy@example.org,2023-08-23,2,Ronaldfurt
769,Taylor Brooks,taylorchristopher@example.com,2024-06-25,2,Jerryton
770,Marc Simmons,xreynolds@example.com,2023-10-02,2,Joshuatown
771,David Brewer,rachel48@example.net,2025-09-09,3,Port Joshuabury
772,Benjamin Johnson,matthewleonard@example.com,2024-05-13,1,Julieview
773,Larry Taylor,alan44@example.com,2026-03-26,3,Bautistashire
774,Alexandra Valdez,michelleperez@example.net,2024-01-06,4,South Jesus
775,Kristen Harrison,fpeterson@example.com,2023-11-30,3,South Kayla
776,Christine Cole,brooksbarbara@example.org,2024-09-07,2,Sherrytown
777,Mr. Henry Perez MD,sfarmer@example.net,2026-01-20,4,Marktown
778,Amanda Taylor,ashley99@example.net,2024-07-01,1,Bairdborough
779,Amy Hughes,krodriguez@example.com,2023-07-30,2,Christopherville
780,Cassandra Serrano,mjohnson@example.org,2025-01-02,2,Campbellbury
781,Joseph Gibson,april25@example.com,2024-06-16,4,Mooreville
782,Jason Paul,nfriedman@example.org,2023-08-30,4,West Ryan
783,Karen Munoz,briana87@example.com,2023-08-21,5,North Vickie
784,Roger Jacobs,aliciakent@example.com,2024-05-07,1,Fordton
785,Donna Ibarra,treed@example.com,2024-01-24,2,Austinburgh
786,Christopher Williamson,qellis@example.org,2025-01-07,4,South Hollyton
787,Seth Hill,elizabeth13@example.com,2024-08-16,1,Riddleside
788,Jacob Campos,robert24@example.org,2023-09-25,1,South Anthonymouth
789,Patrick Foley,qjohnson@example.org,2024-07-17,4,West Ellen
790,Joel Miller,jenniferkim@example.com,2024-03-28,1,Mckenzieburgh
791,Lisa Thompson,nicholspeter@example.org,2024-07-02,4,Lake Joshuamouth
792,Daniel Johnson,scottwilliams@example.net,2024-12-20,5,South Hannahmouth
793,Aaron Barton,sarahbrooks@example.org,2023-12-12,1,North Allen
794,Adrian Hoover,walkernicole@example.net,2025-06-15,3,Lake Gary
795,Brian Murphy,colleenvilla@example.com,2024-01-03,4,Martinezborough
796,Frank Smith,alexander37@example.org,2025-03-16,3,Lake Lisastad
797,Stephen Jenkins,gbird@example.net,2024-10-26,2,West Susan
798,Vicki Horton,martinreid@example.net,2024-06-16,3,Tiffanyfort
799,Alan Barr,oreyes@example.net,2025-04-29,4,New Briana
800,Crystal Jensen DVM,joel63@example.net,2025-04-08,1,North Devinfort
